-- phpMyAdmin SQL Dump
-- version 5.1.0
-- https://www.phpmyadmin.net/
--
-- Host: 127.0.0.1
-- Generation Time: Jun 15, 2021 at 08:15 PM
-- Server version: 10.4.19-MariaDB
-- PHP Version: 7.3.28

SET SQL_MODE = "NO_AUTO_VALUE_ON_ZERO";
START TRANSACTION;
SET time_zone = "+00:00";


/*!40101 SET @OLD_CHARACTER_SET_CLIENT=@@CHARACTER_SET_CLIENT */;
/*!40101 SET @OLD_CHARACTER_SET_RESULTS=@@CHARACTER_SET_RESULTS */;
/*!40101 SET @OLD_COLLATION_CONNECTION=@@COLLATION_CONNECTION */;
/*!40101 SET NAMES utf8mb4 */;

--
-- Database: `javaclassproject2021`
--

-- --------------------------------------------------------

--
-- Table structure for table `combine`
--

CREATE TABLE `combine` (
  `CombineName` varchar(10) NOT NULL,
  `CombinePrice` int(11) NOT NULL
) ENGINE=InnoDB DEFAULT CHARSET=utf8mb4;

--
-- Dumping data for table `combine`
--

INSERT INTO `combine` (`CombineName`, `CombinePrice`) VALUES
('培根吐司', 35),
('培根抓餅', 65),
('培根蛋餅', 45),
('抓餅加蛋', 45),
('熱狗', 25),
('牛肉吐司', 50),
('牛肉大亨堡', 75),
('牛肉漢堡', 55),
('牛肉總匯', 70),
('紅茶', 25),
('綠茶', 25),
('荷包蛋', 15),
('薯條', 45),
('豬排吐司', 45),
('豬排大亨堡', 80),
('豬排漢堡', 50),
('豬排總匯', 70),
('豬排蛋餅', 50),
('雞塊', 45),
('雞肉吐司', 45),
('雞肉大亨堡', 70),
('雞肉漢堡', 50),
('雞肉總匯', 70),
('雞肉蛋餅', 55),
('鮪魚總匯', 75),
('鮪魚蛋餅', 55),
('鮮奶茶', 40);

-- --------------------------------------------------------

--
-- Table structure for table `combineproduct`
--

CREATE TABLE `combineproduct` (
  `CombineName` varchar(10) NOT NULL,
  `ProductID` varchar(10) NOT NULL,
  `Amount` int(11) NOT NULL
) ENGINE=InnoDB DEFAULT CHARSET=utf8mb4;

--
-- Dumping data for table `combineproduct`
--

INSERT INTO `combineproduct` (`CombineName`, `ProductID`, `Amount`) VALUES
('培根吐司', 'P0003', 1),
('培根吐司', 'P0005', 1),
('培根吐司', 'P0012', 1),
('培根抓餅', 'P0005', 1),
('培根抓餅', 'P0006', 1),
('培根抓餅', 'P0012', 1),
('培根蛋餅', 'P0004', 1),
('培根蛋餅', 'P0005', 1),
('培根蛋餅', 'P0012', 1),
('抓餅加蛋', 'P0005', 1),
('抓餅加蛋', 'P0006', 1),
('熱狗', 'P0011', 1),
('牛肉吐司', 'P0003', 1),
('牛肉吐司', 'P0005', 1),
('牛肉吐司', 'P0007', 1),
('牛肉吐司', 'P0008', 1),
('牛肉吐司', 'P0013', 1),
('牛肉吐司', 'P0017', 1),
('牛肉大亨堡', 'P0002', 1),
('牛肉大亨堡', 'P0007', 1),
('牛肉大亨堡', 'P0008', 1),
('牛肉大亨堡', 'P0017', 1),
('牛肉漢堡', 'P0001', 1),
('牛肉漢堡', 'P0005', 1),
('牛肉漢堡', 'P0007', 1),
('牛肉漢堡', 'P0008', 1),
('牛肉漢堡', 'P0013', 1),
('牛肉漢堡', 'P0017', 1),
('牛肉總匯', 'P0003', 2),
('牛肉總匯', 'P0005', 1),
('牛肉總匯', 'P0007', 1),
('牛肉總匯', 'P0008', 1),
('牛肉總匯', 'P0013', 1),
('牛肉總匯', 'P0017', 1),
('紅茶', 'P0018', 1),
('綠茶', 'P0019', 0),
('荷包蛋', 'P0005', 1),
('薯條', 'P0010', 1),
('豬排吐司', 'P0003', 1),
('豬排吐司', 'P0005', 1),
('豬排吐司', 'P0007', 1),
('豬排吐司', 'P0008', 1),
('豬排吐司', 'P0013', 1),
('豬排吐司', 'P0016', 1),
('豬排大亨堡', 'P0002', 1),
('豬排大亨堡', 'P0007', 1),
('豬排大亨堡', 'P0008', 1),
('豬排大亨堡', 'P0016', 1),
('豬排漢堡', 'P0001', 1),
('豬排漢堡', 'P0005', 1),
('豬排漢堡', 'P0007', 1),
('豬排漢堡', 'P0008', 1),
('豬排漢堡', 'P0013', 1),
('豬排漢堡', 'P0016', 1),
('豬排總匯', 'P0003', 2),
('豬排總匯', 'P0005', 1),
('豬排總匯', 'P0007', 1),
('豬排總匯', 'P0008', 1),
('豬排總匯', 'P0013', 1),
('豬排總匯', 'P0016', 1),
('豬排蛋餅', 'P0004', 1),
('豬排蛋餅', 'P0005', 1),
('豬排蛋餅', 'P0016', 1),
('雞塊', 'P0009', 1),
('雞肉吐司', 'P0003', 1),
('雞肉吐司', 'P0005', 1),
('雞肉吐司', 'P0007', 1),
('雞肉吐司', 'P0008', 1),
('雞肉吐司', 'P0013', 1),
('雞肉吐司', 'P0015', 1),
('雞肉大亨堡', 'P0002', 1),
('雞肉大亨堡', 'P0007', 1),
('雞肉大亨堡', 'P0008', 1),
('雞肉大亨堡', 'P0015', 1),
('雞肉漢堡', 'P0001', 1),
('雞肉漢堡', 'P0005', 1),
('雞肉漢堡', 'P0007', 1),
('雞肉漢堡', 'P0008', 1),
('雞肉漢堡', 'P0013', 1),
('雞肉漢堡', 'P0015', 1),
('雞肉總匯', 'P0003', 2),
('雞肉總匯', 'P0005', 1),
('雞肉總匯', 'P0007', 1),
('雞肉總匯', 'P0008', 1),
('雞肉總匯', 'P0013', 1),
('雞肉總匯', 'P0015', 1),
('雞肉蛋餅', 'P0004', 1),
('雞肉蛋餅', 'P0005', 1),
('雞肉蛋餅', 'P0015', 1),
('鮪魚總匯', 'P0003', 2),
('鮪魚總匯', 'P0005', 1),
('鮪魚總匯', 'P0007', 1),
('鮪魚總匯', 'P0008', 1),
('鮪魚總匯', 'P0013', 1),
('鮪魚總匯', 'P0014', 1),
('鮪魚蛋餅', 'P0004', 1),
('鮪魚蛋餅', 'P0005', 1),
('鮪魚蛋餅', 'P0014', 1),
('鮮奶茶', 'P0018', 1),
('鮮奶茶', 'P0020', 1);

-- --------------------------------------------------------

--
-- Table structure for table `companyinformation`
--

CREATE TABLE `companyinformation` (
  `ID` int(10) UNSIGNED NOT NULL,
  `CompanyID` varchar(20) DEFAULT NULL,
  `ChineseName` varchar(20) DEFAULT NULL,
  `EnglishName` varchar(50) DEFAULT NULL,
  `Manager` varchar(20) DEFAULT NULL,
  `UniNumber` varchar(8) DEFAULT NULL,
  `PhoneNumber` varchar(20) DEFAULT NULL,
  `FaxNumber` varchar(20) DEFAULT NULL,
  `ChineseAddress` varchar(50) DEFAULT NULL,
  `EnglishAddress` varchar(100) DEFAULT NULL,
  `EmailAddress` varchar(50) DEFAULT NULL,
  `WebSiteAddress` varchar(200) DEFAULT NULL
) ENGINE=InnoDB DEFAULT CHARSET=utf8mb4;

--
-- Dumping data for table `companyinformation`
--

INSERT INTO `companyinformation` (`ID`, `CompanyID`, `ChineseName`, `EnglishName`, `Manager`, `UniNumber`, `PhoneNumber`, `FaxNumber`, `ChineseAddress`, `EnglishAddress`, `EmailAddress`, `WebSiteAddress`) VALUES
(1, 'A1234', '深呼吸早午餐', 'Deep Breathing Breaklunch Kitchen', '黃美麗', 'B12345', '(05)216-8988', 'C1234567', '嘉義市西區志昇街69號', '69 Zhisheng Street, West End, Jiayi City', ' yo51680917@gmail.com', ' //www.facebook.com/深呼吸早午餐廚房-213497685452975');

-- --------------------------------------------------------

--
-- Table structure for table `customerinformation`
--

CREATE TABLE `customerinformation` (
  `CustomerID` varchar(10) NOT NULL,
  `UniNumber` varchar(8) DEFAULT NULL,
  `Name` varchar(20) DEFAULT NULL,
  `InvoiceHeader` varchar(20) DEFAULT NULL,
  `Manager` varchar(20) DEFAULT NULL,
  `PhoneNumber` varchar(20) DEFAULT NULL,
  `PhoneExtention` varchar(10) DEFAULT NULL,
  `FaxNumber` varchar(20) DEFAULT NULL,
  `CellPhoneNumber` varchar(20) DEFAULT NULL,
  `Address` varchar(50) DEFAULT NULL,
  `EmailAddress` varchar(50) DEFAULT NULL,
  `WebSiteAddress` varchar(200) DEFAULT NULL,
  `Comment` varchar(100) DEFAULT NULL
) ENGINE=InnoDB DEFAULT CHARSET=utf8mb4;

--
-- Dumping data for table `customerinformation`
--

INSERT INTO `customerinformation` (`CustomerID`, `UniNumber`, `Name`, `InvoiceHeader`, `Manager`, `PhoneNumber`, `PhoneExtention`, `FaxNumber`, `CellPhoneNumber`, `Address`, `EmailAddress`, `WebSiteAddress`, `Comment`) VALUES
('C0000', '', '一般客人', '', '', '', '', '', '', '', '', '', ''),
('C12345', 'Q12345', '黃先生', '0991283475', '黃先生', '0991283475', '2', 'WE998877', '0947855673', '台南市新營區', 'ac067777@gmail.com', 'customer1.com', ''),
('C12346', 'H12345', '曾先生', '', '曾反男', '0911223357', '1', 'AN998877', '0954565763', '嘉義縣民雄鄉', 'ab068888@gmail.com', 'customer2.com', ''),
('C45321', 'H45321', '吳先生', '', '吳反男', '0930433212', '1', 'BK22233', '0987872323', '嘉義縣大林區', 'min334445@gmail.com', 'customer4.com', ''),
('C52341', 'P52341', '余先生', '', '余先生', '0911335368', '1', 'BK22233', '0920999351', '嘉義市西區', 'bin556666@gmail.com', 'customer5.com', ''),
('C54321', 'Q54321', '江先生', '', '江反南', '0984881477', '2', 'CH998877', '0978655412', '嘉義市東區', 'max096666@gmail.com', 'customer3.com', '');

-- --------------------------------------------------------

--
-- Table structure for table `empolyeeinformation`
--

CREATE TABLE `empolyeeinformation` (
  `EmpolyeeID` varchar(10) NOT NULL,
  `Name` varchar(20) DEFAULT NULL,
  `JobTitle` varchar(10) DEFAULT NULL,
  `IdentityNumber` varchar(10) DEFAULT NULL,
  `Brithday` varchar(10) DEFAULT NULL,
  `PhoneNumber` varchar(20) DEFAULT NULL,
  `CellPhoneNumber` varchar(20) DEFAULT NULL,
  `EmailAddress` varchar(50) DEFAULT NULL,
  `WebSiteAddress` varchar(200) DEFAULT NULL,
  `Education` varchar(50) DEFAULT NULL,
  `FirstDayOnDuty` varchar(10) DEFAULT NULL,
  `ResignDay` varchar(10) DEFAULT NULL,
  `WorkPlace` varchar(20) DEFAULT NULL,
  `ResidenceAddress` varchar(50) DEFAULT NULL,
  `MailingAddress` varchar(50) DEFAULT NULL,
  `bankAccount` varchar(20) DEFAULT NULL,
  `bankName` varchar(10) DEFAULT NULL,
  `EmerContactPerson` varchar(20) DEFAULT NULL,
  `EmerRelation` varchar(10) DEFAULT NULL,
  `EmerPhone` varchar(20) DEFAULT NULL,
  `Comment` varchar(100) DEFAULT NULL,
  `AvatarImage` mediumblob DEFAULT NULL
) ENGINE=InnoDB DEFAULT CHARSET=utf8mb4;

--
-- Dumping data for table `empolyeeinformation`
--

INSERT INTO `empolyeeinformation` (`EmpolyeeID`, `Name`, `JobTitle`, `IdentityNumber`, `Brithday`, `PhoneNumber`, `CellPhoneNumber`, `EmailAddress`, `WebSiteAddress`, `Education`, `FirstDayOnDuty`, `ResignDay`, `WorkPlace`, `ResidenceAddress`, `MailingAddress`, `bankAccount`, `bankName`, `EmerContactPerson`, `EmerRelation`, `EmerPhone`, `Comment`, `AvatarImage`) VALUES
('E1234', '許翰升', '內場服務員', 'R123456789', '1998/12/12', '051234567', '0911111111', 'a12345@gmail.com', 'employee1.com', '大學', '1/1', '', '嘉義', '嘉義市西區', '嘉義市西區', 'AB1234567', '台灣', '許反男', '父親', '0913574832', '', 0x89504e470d0a1a0a0000000d4948445200000200000002000806000000f478d4fa000027d249444154785eeddd07d42e6579efe187de14a5a8281ab180286aecc66e0cd668ac891a7b8d46f144455163ec95d8632f6022b68828b112a3d84093a072140b884a91480d655336ec72ce7f183ed8ef4ddbe52bef3b73fdd6bad64a2cb8f7cc3cf7f37d6f99694dd22cb759ec1e0f8d27c5dfc63ef1867877ec179f8bafc761f1d3f85d9c1e175ea2fbbfbb7fadfbf70e8f43e2c0d83fde136f8c97c5f3e2c9f1f0b8756cd12449d282b663dc239e11fbc6bfc5d1b1e2d0430ffd7f4b21ffdbabe237f19578473c3bee13d7bbf84f2c4992d6ba1de22fe2a5adffedbdfbadfd8cbaf94ebbfc99cf8c1fc6c7e3e5f1c8e6070349922e6ddbd6bf7cdffd067d64acae9be990e4ef7754ebdf5678445cfbb2c32049d2b0db2af68c37b5fe37e49575931c8bd6bf857044ebdfd278506c73e951922469c6eb3ea4d7bd77ff0f71682caf1b21bd1c9b8be2fbf1bad67f96c0870c254933d7dde3837166dde8583b3976e7b4fe7310f78d8dd638b692244d55bbb4fe37fd63ea66c68669fdd714bb5706765df3804b92b4545d339e16df6e03ff00dfb468fd3723fea6f910a1246991db38ee1f07c47975836271e4d82f8f7f8d3f8f4dd7383f9224cd6b3bb5fed3fbbfaf9b114b2be7e4e4787bdc68e28c4992b401dd38de1717d48d87e9d2fa6f127c346e3e710625495a87766bfda7d02faa1b0dd32de76c657caaf5cf2c902469adba6d7c2656d58d85d99273b83abe18779e38c39224add15d5bff901d9fe61fa0d63fe5f0de93a75c9234e6ee1bdfa81b06c39473fdbdd6df7a589234d2baf7f86dfc23d5fadb0edfa65c1392a401b765ebef2ae7befc23976b6045ebbf3e788d892b449234b81e1cbfa91b01e3966be2f7f197e55a91240da01bc6e7ebe08735b5fe8382ee21204903a8bb45ecdeb1ac0e7bb822adbfc5f06b5bff5691246906bb67fcac0e78581bb9768e6dfd5b4692a41969fbd6dfc1cff7f9d960b98e3e1f3b4f5e6292a469eb1e71421de2b021724d9dd6bc1a204953d946b14faca8c31be643eb6f2bfc96e6d1c3923435ed185fab031b1642eb6f20d47dab4492b484dd2b7e5f87342ca45c73a7c743cab528495a84ba97fc5f112beb7086c5d0fab704dedabc2520498bd675e3903a906129b4fe2d811b956b549234cfdd37fea70e61584aad7f4be0cf272f5549d27cf5d2e6257fa654ebdf127843b96625491b50f77effbbebc08569946b75ffe6730192b4c16d1e9fae4316a659aed92fc556e55a9624ad65dd33dabf51872bcc825cbb87b5feb6d492a475e83a71441daa304b720dffbcb9699024ad75378963ea308559946bf984b865b9c62549a53f6ebee6c7c0e49a3e23fea45ceb92a44bba4f9c5587270c41aeedf39adb074bd2e57a542caf43138624d7f88a7872b9f62569b43da2b9c10f23d1fa1b06f92140d2e8eb9ee677411d923064ad7f25e0c1652d48d268ba4d9c5987238c41eb3f13e083819246d72e71521d8a3026ad7f8890af084a1a4d3bc6d17518c218b5fe3e016e162469f075b7f7fdaf3a0461ccb2268e8aedca5a91a4c1b4591c52871f70e9b3033c4048d2e0ea1ee9fbc93af480cbb4fe29821e252c6950bdb30e3be0f2b256f6ab8b479266b517d521075cb9ac99d7d5452449b3d63d62451d70c0956bfddd02dd2848d2ccb6439c58871b70f5b2764e8b9dcb9a92a4a9affbd0df57ea5003d65ed6d0f79a0f054a9ab1f6a9c30c5877594b6fae8b4b92a635effbc33c69fde7011e54d698244d5ddef78779d67c1e40d294e77d7f5820595bdf8d4dca9a93a4a9e8a5756801f3276bec4d75d149d25277f7e67d7f5850adff3cc003cbda93a425ab7b8ad909755801f32f6bedd4b87e598392b4247da80e2960e164cd7db62e42495aecee1aabeb80021656d6dd03ea6294a4c5aafb44f28feb6002165ed6de31b145599392b428bda00e2560f1640dbeaa2e4a495ae8768ab3eb4002164fd6e00571d3b236256941fb541d46c0e2cb5afc6a5d9c92b450ddaf0e2160e9644d3eaa2e52499aef368f5fd501042c9dacc913629bb25625695e7b451d3ec0d2cbdadcb72e56499aaf7689f3ebe001965ed6e68ad86372c94ad2fc74701d3ac0f4c81afd765db492b4a1dda90e1b60fa64adee5917af246d485fa88306983ecdab0092e6b1ee7d45f7fb871991f57acfba8825697dfa641d30c0f4ca9afd7a5dc492b4aedd3c56d601034cb7acdb3bd5c52c49ebd247ea6001a65fd6ee17ea6296a4b5ed4671511d2cc0f4cbda5d1db7296b5a92d6aaf7d4a102cc8eace14fd7452d4957d7759bbbfec14ccb1a5e15bb95b52d4957d95bea3001664fd6f2fe75714bd295b55d9c530709307b5aff8c805d2697b8245d712fab4304985d59d3efaa8b5c92aea85fd60102ccaeace95363d3bad02569cdee52870730fbb2b61f5617bb24add9fbeae000665fd6f6e7ea6297a4b9368f33eae000665fd6f6f2b87659f39274718faa4303188eacf167d7452f495d5fac0303188eacf1efd7452f493b36f7fd87c1cb3abf595dfc92c6dd5e755000c393b5fe9abaf8258dbb23eaa00086276bfd3775f14b1a6f7bd421010c57d6fc3deb109034cede5a0704305c59f31fae4340d2383bb10e0860b8b2e6cf6c6e0d2c8dbe5bd5e1000c5fd6feddeb309034ae9e5f0703307c59fbafacc340d2b83aa80e0660f8b2f6bf558781a4f1b47173ef7f18a5acfd0b62cb3213248da43bd4a1008c4766c0fdea5090348ef6ae0301188fcc8037d4a120691c7db50e04603c32030eaf4341d2f0ebbe03bcac0e04603c320356c435ca6c9034f0ee5e8701303e99050fa9c341d2b07b651d04c0f86416bcad0e0749c3ee5b751000e39359f0e33a1c240db7eebbbfcbeb2000c627b360556c5f6684a481e6fd7fe052cde700a4d1f4f43a0080f1ca4c78511d129286d9be750000e39599f0e13a24240db383eb0000c62b33e13b7548481a6647d701008c5766c2297548481a5e9bc58a3a008071cb5cb8761d169286d5ee75e1036436fc491d169286d5c3ebc207c86c784a1d169286d53e75e1036436bcb90e0b49c36abfbaf001321b0eaac342d2b03abc2e7c80cc865fd4612169589d51173e4066c385b1491d189286d175eaa207989319b16b1d1a9286d15deb8207989319f1c03a34240da307d4050f302733e2afead090348c1e5d173cc09ccc8867d4a12169183db52e78803999117f578786a461b4575df000733223fea10e0d49c3e81575c103ccc98cd8b70e0d49c3e8cd75c103ccc98cf8401d1a9286d17beb820798931971401d1a9286d13fd7050f302733e2e03a34240da383ea8207989319f1ad3a34240da36fd4050f302733e2bfebd090348c7e58173cc09ccc885fd5a1216918fdbc2e788039991127d5a12169189d50173cc09ccc8873ead090348c8eab0b1e604e66c4597568481a463fab0b1e604e66c4897568481a4687d7050f302733e2177568481a4687d4050f302733e23febd090348c0eac0b1e604e66c47fd4a1216918ed5f173cc09ccc882fd4a1216918bda72e7880399911ff528786a461f4c6bae001e66446bcaf0e0d49c3e86575c103ccc98c784b1d1a9286d1f3ea8207989319f1f77568481a464fae0b1e604e66c40bead090348c1e59173cc09ccc88a7d5a1216918ed59173cc09ccc88c7d4a1216918ddb12e78803999117f568786a46174adbae001e66446dcb80e0d49c3e90f75d10364369c1f1bd5812169387dbb2e7c80cc8623ebb09034ac3e54173e4066c367ebb09034ac5e58173e4066c36bebb09034ac1e52173e4066c35fd761216958ddb42e7c80cc863bd4612169586d1ccbebe207c62d73e11a7558481a5e3fab8b1f18afcc8413eb909034cc0eac030018afcc84ffa84342d2307b631d00c0786526bcaf0e0949c3ec49750000e39599b0571d129286d99dea0000c62b3361cf3a24240db34d63591d02c0f86416ac68be01208daaafd641008c4f66c1e17538481a767bd741008c4f66c11bea709034ecee500701303e9905f7abc341d2b0ebee0878461d06c07864065c105b96d92069041d540702301e9901dfaa4341d2387a7e1d08c0786406bcb20e0549e3e896752000e3911970b73a14248da73fd4a1000c5fd6feb2d6df1344d248fb641d0cc0f065ed7fa50e0349e3ea19753000c397b5ffe23a0c248dab9bd4c1000c5fd6feedeb309034be8ea9c30118aeacf9935b7f2f104923ef1fea8000862b6bfe1d7508481a67bbc4ea3a248061ca7abf5d99019246dcb7eb900086276bfda775f14b1a774faf8302189eacf5bdebe29734eeae19e7d561010c47d6f8cab84159fb92e4a640306459e387d4452f495d0fa80303188eacf127d4452f495dddf7824faa4303987d59dbe7c4d665cd4bd2a5bdb50e0e60f6656def5f17bb24add91e757000b32f6bfb4feb6297a4da11757800b32b6bfaf8d8a82e7449aa3daf0e106076654dbfae2e7249baa2ba0f0a9d5a8708307bb296cf8beb94352e4957dacbeb2001664fd6f23bebe296a4ab6adb38b30e136076640d2f8f9dcbda96a4abed7575a000b3236bf88375514bd2dab4439c5b870a30fdb27657b4fe51df92b45ebdad0e1660fa65ed7ebc2e66495a97ae1fcbeb7001a657d6ecaab84559cb92b4cebdbf0e18607a65cd7ea62e62495a9f6e1c2bea9001a64fd6eaeab86d59c392b4deed5f070d307db2560fae8b579236a4eefdc45575d800d325ebf4ce75f14ad286b65f1d36c0f4c81a3da82e5a499a8f768c33ead001965ed6e6b971a3b2662569de7a761d3cc0d2cbda7c695dac92349f75cf14ff411d3ec0d2c99a3c2a362b6b5592e6bddbc5ca3a8480a591f578afba482569a17a571d42c0e26b6ef92b6991bb669c548711b078b206ff37ae53d6a6242d788fad0309583c59837f5317a5242d56ff5e8712b0f0b2f67e181bd70529498bd5aecdd302615165cdad8cdb97b528498bde6beb8002164ed6dcbbeb2294a4a5688b38b20e2960fe65ad1dd3fa0fe14ad254b45b9c538715307fb2c696b7fe3e1c9234553dbe0e2c60fe648d3db72e3a499a963e5c8716b0e1b2b6feb52e36499aa6b68a9fd6e105acbfaca96363dbb2d62469eada3dcead430c5877594b17c61dcb1a93a4a9ed89759001eb2e6be9f9757149d2b4f7b13acc80b59735f4f9baa8246916da3a8eaa430db87a593bbf8d6b9535254933d3ade2bc3adc802bd7faf7fdef5cd69224cd5c8f8fd575c801572cebe539751149d2acf6a23ae480cbcb5a795d5d3c9234ebed5b871d7099ac910fd54523494368a3f8781d7ac0c59bff41b1495933923498368dafd4e107639635f19dd8b2ac15491a5cddd7030faf4310c6286be1ff365ff79334a2b68f5fd46108639235f0bbb87e591b9234f86e1427d6a10863906bffd4d8b5ac09491a4ddd8d82cea8c311862cd7fcb2b853590b9234baeed6dc2d909168fd5dfeee5fd680248db6ee8700af043068b9c6cf893dcbb52f49a3ef9671421d9a3004b9b64f893b966b5e927449378c9fd7e109b3acf54ff6bb79b9d62549a5ee2b82ee13c020e45a3e32762ad7b824e94aea6e16f4e53a4c6196e41a3e34b62dd7b624e96aea6e1becd901cca45cbb07c616e59a9624ad436fadc315a659aed90fc4c6f5429624ad7b2f8cd575d0c2b4c975fa9a72ed4a9236b0c7c5b975e0c234c8b5b93c9e59ae5949d23cb57bfcac0e5f584ab9267f1db72fd7aa24699edb2a3e5287302c855c8b9f6d3ee92f498bda1362591dc8b0185aff92ff73cb3529495aa4768b23eb708685d4fa97fc6f57ae4549d222b7657cb00e695808b9d63e13d72cd7a02469097b6c9c530736cc875c5b17c473ca3527499a92ba07aefcb80e6fd810b9a68e695ef297a4a9afbbfdeaabe2823ac8615de41a5a116f8f6b4c5c6192a4a9ee66f1b53ad4616de4daf97edca65c5392a419ea31f1fb3ae0e18ae45a392d9e161b4d5e4692a459ac7b09b77b2977451df8d0c9b5b13a3e14db4f5c3992a44174db38ac0e7fc62dd7c48fe3aee55a91240daceea5dda7c7e97523605c720d9c1d7bc5261357882469d0ed101f8995756360d85aff72ff01b1d3c41521491a55ddb705ba1f042eac1b05c39273bc323e11b79ab8022449a3ee86f19e38bf6e1cccb69cd30b5bff01bf9b4e9c714992d6e8baf196e6b6c2332fe7f0bc7857ec3c71862549ba8ab66bfd1d05cfa81b0bd3adf51fee7b535c67e28c4a92b40e75f7107849fca16e344c979ca3d3e39571ed89332849d206d43d76f8d9f183baf1b0b4724e7ed4faaff36d3371c624499ae7768b37c4f175336271e4d89f14fbc61e13674692a445a8bba9d09fc6feb1ac6e52ccaf1ce3f3e393f1c0e6e63d92a429a97bf9f949f18d5855372fd64feb6fdaf39dd6dfbd71db358eb724495357774f8197c551754363ede4d81dddfa6f61dc64e2c84a923423753f0c74af0c746f13f8ccc09568fd7bfadded79bbdff46fbcc6f193246910ddbcf5df26f84c9c5237c2b168fd57f60e8cbf8dddd7383e92248da25bc70be28b7166dd2887227fb773e2cbf1a2b85deb3f40294992d2c671dbf8abd6bfffdd7de2bdfb8efbcc7cc3a0f5b7dffd49eb5fe1784d3c3e6e1f9b767f414992b46e75f7b3ffb3d6bf64de3db4e890383e56d74d7831e47ff7f7f1cd785feb5fc17840ebdfbbf79bbd24498bd0d6ad7f1be15ef190786c3c335ed8fa5711fe313ed8fa5713fe2d0e8d235aff29fb4ef77f77ff5af7ef7daaf54fcd7b5bbcbaf52fd73f2b1e177f1ef78e3f6efded912549922449922449922449922449922449922449922449922449922449d3dc3671d77864ebef2cf7f2787bbc399ed1fa3bccdda0b98dac86dfe6ad7ffae143e389f197f117adbf95f2dd62dbcbfea392345bed18f78f97c6a7e357b1aade4bfe8ae43f7746eb6f45dbddd6d60f031a423bc4d35b7fabe5dfb5ab590bf9f757c7b1f1b978453c38769afb8749d2b4b44beb7fab7f5deb07dc8975a0adaffcb38ebbe49feb3722cd5add930fbb4dff1bb1a25edbeb23ff9c3fc457e38df198b859f343b2a4456893d8a3f52f59762fdd7f2bfeb70ea985d0fac1f78435fe2cd234d7bdfaf5f37a1d2f84fcef9c1ddf8977c7535bffa0a6cd2efba348d2fad5bd94ffd43828ceadc367b1e5cff0edb8d51a7f3e699aea7e233fb85eb78b2d7f86f35bff6a5cf744c8eb4dfc0925e92ada2df68eefb5ab79af7229e4cf7461bcacf5af4848d350f732fc5e715ebd5e975afe4cabe2f0d8a7f51f3c94a44bdb38ee1e6f8d5fd60132adf267fd6133d0b4f4ed12dfaad7e7b4ca9ff5e8d837eed1fab52f69646d1d0f8ffde2d43a246645feec17c48b9b41a6a5e9d9b1ac5e97b3227ff6535b3f03ba59d0cd044903ad7b2fb07b4fb07b6ff0fc3a0c6659fe3edf8f5d27feb6d2c275c3f87abd0e6759eb3f377070ebbfb970dd89bfada499ac7b9ffc11f1cd585d17fd90e4ef775ebca0f95a9416b6a7c459f5fa1b92d67f6ee090d6dfa8c8ab6bd28cb57deb6fc2735c5ddc43d7fa6f0adc64e268481b5e77239e7fabd7dbd0b5fe86442f8c6b4d1e0e49d356f71de08fb681bdc4bfaef2f73f37fe3eb69c383ad2bad7ddd0a77b656951ee7931ad5abfa6de1fb79c383a9296b46e40757705fb4e5db4639763727c3c6ef270496b5df712f8afea753576adbfbbe1c39ab707a425eb3aadbf4ff8bcdd7a77a8728c0e8bbb4c1e3ee94abb75fc7bbd8e989463f49b78515c7bf2f0495aa8ee181f8fe5754172e55aff80954fb4fe13dcd215d5fd50fdc15859af1fae5cebdf1ef84073974e6941ea5ee6ef5eca3eac2e3ed64debbf2df0eae67bcfbaac2de2257176bd5e58373986ffd1fa471b7b7b409a87ba9b741c5d171a1b26c7f4c4d67fa5abfbe14ae3acdba41e1bbfa9d7071b26c7f4c7f1a793875bd2dad6bdd4ffedbab0985fad7fe470f729ef6d268ebe865cf71b7f7717bf63eaf5c0fc6afd8dc76e3179f8255d59376afd7bd583be71cfb4c9f13e3d5edbfa27206a9875df65ef1e24f5877afe593839de2be29f9ab5255d69dbc69be282ba80583cadbf25ea7b9b9b090da91bb4fe0138e7d4f3cde2c9f13fabf59fb5e85e8191d4faf7a09f1ba7d405c3d2c9f958199f8edb4f9c2dcd52ddd3223f1617d6f3cbd2c9f9f86deb3f7b218dbaee4623bfa80b84e9d2fa1b9f74dfc27067c1e96fb3d67f70b67bb08db7d1a658cecf0fe26e13674f1a41dd6f95dfac0b82e9d6fa97303f12f79c3c9d9a82eed4faf7994fabe78de99673f6d9e62d378da09d5b7f139f557511305b5a7f17b45737836b29eb6eead47da8cfab68332ee77079fc63f3d0210db0eefbc6fbb4913fa467885a7f87c1efc6335aff414e2d6cddd7359fd4fab76556d5f3c16c6bfdb7719e3071c6a519ee8f9aeff38f42ebbf41f0c5784eecb2e645a00daafb4dff9971602cabc79de1c979fe54f38c01cd787f1d67d58b9b71c8b9ff55bc3b1e1c5b4d5c19baaabaaf89ed196f8ba3ea71651c5aff34cffb4c5c19d20cd4fde4faa97a41335eb91e2e8843e285cd33d5afa85d63aff84a9c578f1fe3946b6155bca5f5dfee90a6befbc609f542863575d748fc6beb3f1bd2fdb6bbfd1ad7d0d0eb7e40eeee13bf77eb5feafd6d3d3eb0a6d63f5ba0bbaf8334956d1e6f6d3e98c47acab5f3bbd6bfcffd8a7860eb1f4f3beb753fd8743fe0743fe8745ff73ab6f97e3eeba1f59fb1f9db35ae2d692aea9e83fd937ac1c2866afd2b05dd4d6dde117f178f6afd83a2a6e987831de20ef188d63f58a97beffea0f85dfdfbc0866afddb44d7bbecf29396aee737f7ef6709b4fe37a2a35bff95b88fc6abe2a9addf881fd0fa1b16751b73f799831bb7fe8786ee6b741bb5cbd7fd6b5bb7fe812ddd3757ba975bbbff6ef7cfe8fe59dd3ff329f1cad6df0ca9fb3cc32f9bf7eb5902b9ee4e8d87356989da29be562f4c9805adff50e219adffdeb5fb53309372ed7ea0f53fb84a8b56f7db905b8e022cb1d67fddb67b5b4c5ad0ba3bfabda75e80002c9dcce58b9a0f086a01eb5e663ab85e78004c87cce87ddb157fc6455aefba0f4ffd67bdd800982eadffba697737496983ebee50766cbdc800984ead7f40d7986eaea505e8ee717abdb800986eadff70a0c7756bbdea6eb8e2fbfd00332a33fce4b85399edd255d6dd716d55bd9800982d99e5e735370dd25ad47dcdef9df50202607665aeaf8ce796792f5dda967160bd70001886d63fb0cdd7043551f73093c3eac502c0b064d67fbaf99aa02ee9a67174bd480018a6ccfcefc476652fd0c8ea3e1d7a4abd380018b6d63fcdb27bf2a546d81e7146bd28001887ec01c7c4f5cadea081b74b9c542f0600c6257bc14fe25a935b84865af7d3deafeb4500c038654ff85e6c55f60a0daceea7bc9fd4930fc0b8656ff86a6c56f60c0da4eea7bbefd6930e009dd67f45b0bb219c06d4a6f1a57ab201604dd92b3e503710cd6edd5d9f3e514f32005c91ec196fac1b8966b377d7930b0057257bc78beb66a2d9ea55f5a402c0dac81ef2f4baa968367a5e3d9900b0b65aff14c147d5cd45d3dde363753d9900b02eb2975c187b963d4653da83e3a27a1201607d644f5916772d7b8da6acbbc479f5e401c086c8de7246dca2ec399a92ba473b1e574f1a00cc87ec313f6b6e193c957da19e2c00984fd96b3e56371f2d6d7bd59304000b217bce93eb26a4a5e90e71613d4100b010b2e79c1bb72c7b9116b96b368ff605609165ef392ab62e7b9216b14fd79302008b217bd0c7eba6a4c5e959f56400c062ca5ef4d4ba396961bb759c5f4f04002ca6ec45e7c51e658fd202d5bde7f28b7a12006029747b526c53f62a2d40fbd5830f004b297bd3bfd4cd4af3db13eb41078069903dea1975d3d2fcb45b2cab071c00a641f6a8f3e33665efd206b6651c590f36004c93ec55bf8a6b943d4c1bd0fbea41068069943deb80ba8969fdba47acae071800a655f6ad87d5cd4cebd6a6f1d37a6001609a65ef3abef96ae006f5e27a50016016640f7b7bddd4b476ddb0f9d43f00332a7bd8cab85dd9dbb4167dae1e4c009825d9cbfe2b36ae1b9caebc07d5830800b3287bda5e7593d315d77de7ffd87a00016016654f3b3b762e7b9daea0d7d6830700b32c7bdbe7eb66a7c9768de5f5c001c0ac6bee0d70951d520f18000c41736f802bedafeac102802169ee0d70b9ba9f884eaa070a0086a4f5f706d8a3ec81a3ee25f52001c01065cffb54dd04c7da5671723d40003044ad7f15e066652f1c652fa8070700862c7bdf87eb6638b6368f13eb81018021cbde77611bf9cd819e5d0f0a008c41f6c077d64d712c6d1abfad070400c6207be079b163d91b47d153eac1008031c95ef8faba390ebdeed18847d70301006392bdf0ccd8b6ec9183ee71f52000c018654f7c59dd2487da46f1b37a0000608cb2279ed2fa7be20cbe47d6bf3c008c59f6c6bdea6639c47e54ffe2003066ad7f52e06675c31c5277af7f6900e0e21f021e5137cd21f5cefa1706002efe0160ffba690e29b7fd05802b903df2b4d67f507e706d51ffb200c065b2576e5937cf21b443fd8b0200976903fd01e006f52f0a00f4b24fae6a03fd2640f7bec6b2fa1706002efe01e0fb75e31c5287d5bf300030fc5b02bfadfe850160ecb23f5e1837ab9be690ba75fd4b03c0d8657f7c55dd3087d80fea5f1c00c62afbe24fdb403ffc577b48fdcb03c018b5fe93ff77a91be590fb6c3d08003036d90fffa96e90436fa738b31e0800188bec8327c5b6657f1c45cfaa070300c622fbe0a3ebc63896ba1b037db71e100018baec7f5faa9be2d8da3d2eac070600862afbdeb9f147653f1c65afa9070700862afbde8beb4638d6368f5fd60304004393fdee27b149d90747ddbd62753d50003014adffceff9dcbfea7f4e17ab0006028da08bff3bfb65d3b4eae070c00665d1bf177fed7b6c7d6830600b3ae8df83bffebd2e7eb81038059957ded80bad1e98adb3e4eac071000664df6b363e39a659fd35574ef58550f2400cc8aec6317359ffa5faf5e5f0f2600cc8aec632fa91b9bd6ae4de3f07a400160da65ff3aa4f5cfbcd17ab64b9c550f2c004cabec5ba7c4f526b733ad4f8fab071700a651f6acd5f1a0ba9169fddbbf1e64009836d9afde5637306d58dbc431f54003c0b4c83e75446c56f62fcd43778c0beb010780a596fd6959dcbcec5b9ac7f6ae071d00965af6a727d50d4bf35bf7958aafd4030f004b25fbd2c7cb5ea505ea5a71743d0100b0d8b21f1d195b957d4a0bd82de39c7a220060b1641f3a336e5af6272d427f11abeb09018085d6ed3ff1d0b22f69117b553d2900b0d0b2ffbcbe6e485adcba0f057ea19e18005828adbfcfffc6653fd212d43d67f9e7f50401c07ccb7e735cec30b90d6929eb6ebe70663d5100305fb2cf2c8f3b95fd475350f7f08555f58401c07cc81ef3b4baf1687adaa79e3000d850d95fde54371c4d5f9fa9270e00d657b7afb4fe43e79af2b68e23eb0904807595fde4b0d8b2ec339ae27689d3eb890480b5957de4d8d871727bd12c74bf58594f28005c9dec1f67c46e655fd10cf577f5a402c055c9de7161dcbb6e289abdfea59e5c00b832d9379e503712cd665bc437ea0906802afbc5de7513d16cd77d33e0dbf54403c09cec13af297b8706d235e2f07ac20120fbc33fd64d43c3ea5af1dff5c403305ed917de5f370b0db3ed9a1b050170e8c59bff3f3777f91b55dd8d1d8eaa170200e3917de073b149d91f3482768aa3eb0501c0f065fe7f39362bfb8246d4cef19b7a6100305c99fbdf6ceeefaf74e338be5e20000c4feb1feeb34dd90734e26e1627d50b0580e1c89cff51ebbf0d264d748b38b95e3000ccbeccf7a39a27fbe92aba75f318618041c95cff755cbfcc7be972dd3efeb75e4000cc9eccf3e3e38fca9c97aeb4bbc4d9f542026076648eff216e5ee6bb74b5dda3f921006026657e9f1c7b94b92ead75b76b3e1808305332b78f8b5d27c7b9b4ee755f11fc4dbdc000983e99d7bf8c1b96392ead77dd6d83ff6fbdd000981e99d347345ff5d302d4dd3ce2bbf5820360e9653e7f3bae3939b6a5f9abbb77f4c1f5c20360e9642e7fe992f92c2d68dda323f7ab1720008b2ff3f880d8b4cc696941dbb75e88002c9ecce1f7c64675384b8bd1deb1ba5e94002cacccded7d7812c2d764f8d15f5e20460fe65deae8e174d8e6169e97a589c5f2f5400e64fe6ecca787a99bfd29277cf38b35eb0006cb8ccd70be3d165ee4a53d36de2f87ae102b0fe3257cf8efb97792b4d5dd78defd70b18807597797a74ec5ee6ac34b56ddedc2b006083648e7ea5f577619566ae17c6ca7a510370d5323bdf1c1b97992acd540f8ab3eac50dc0e5655e9e178f2d73549ad9baf7af8ea9173a0097c99c3c2e6e37393ea5d96fbbf846bde001b878f33fb47994af065cf720a1f7d40b1f60cc3217ffa979a08f46d2b3e2a2ba0800c6a4f537f771673f8dae7bc7697541008c41e6dfffc49f94b9288da65de2a77561000c59e6de0fe30693e3501a5fd78883ea020118a2ccbb8fc516650e4aa3ee99b1ac2e168021c87c3b3d1e53e69ea44bba497ca72e1c805996b9f6a5d8a9cc3b49a5eed6972f8ee5751101cc92ccb165ad7f7553d23ab447fca82e28805990f9f5ddd6bfaa29693dda2c5e172beae20298469957cb63efe6413ed2bc7497f8555d6800d32473eac7ad7ff552d23cb655bc3b56d74507b094329756c61b5affaaa5a405ea7e717c5d80004b21f3e8e8b86b99539216a86bc5c7eb4204582c9941abe3bdb1f5e47892b4183d224ea90b13602165ee9c18f72ff348d222779df8425da0000b21f3e680b87699439296b0a7c49975b102cc87cc97d39a5bf94a535bf76ac00763655dbc00eb23f3e4a27867f35bbf3413dd26be591732c0bac81cf972ec56e68ba419e8e1f1ebbaa801ae4ae6c651f180324f24cd589bb7feb69c67d7450eb0a6d63fb2f779b1c9c4149134d35d373e14abeaa207c6adf5eff3bf2bb69b981a9206d56de35b750000e39479f095b845991392065c7713a163eb3000c621ebffe7f1c03217248da4eef3012f693e1f00a391f57e463c3f369d9806924659f7f9800f379f0f80c1cafa5ed1fa278a7a9f5fd2e5fae338b40e0e60b6655d7f35762feb5d922e57f7f98023ea1001664bd6f161cdfbfc92d6a3ee695fdfac4305986eadff64ffbdca7a96a475eecef1f9585d070d301db23e57c6a75aff569e24cd6bdd7b88fbc54575f8004b23ebf182787fdc7462b54ad20274c378479c5b8711b038b2fece8a37c7f52656a7242d42dbc7abe3f43a9c808591f57672ec13db4eac46495a82b689ff1327d46105cc8facafdfc47362cb89d5274953d066f1d4f8451d5ec0fac97a3a321ed73ca14fd20cb451ebef25f09f7598016b27ebe73bf1e0c9a52549b3d37de393717e1d70c0a4ac9365b17fdc6dcd452449b3dcb5e25971581d7a30665913abe3d0784aeb3f4f2349836db77863f3a14146acf51fea7b55ecb2e6e290a431b471eb6f37ec2d024621d7f939f1b1b877eb3f2b2349a3affb4ef333e3fb7568c22c6bfd4bfcdf8c27c5d66b5ef492a4c9768d37346f1130c372fdfe3a5e197f3471754b92aeb6ee2d823de380e62d026640aed3b3e32371cf352f6449d2fa37f71641f769e91575f0c252c9f5b83cbe164f88add6b8662549f35cf795c247c747e3a43a9061a1e5bafb6dbc2f1edabcaf2f494b56f7fcf397b5fece695e1d60deb5feb7fc7f8f17b6feb1d892a4296beed581eeab565e1d60bde5faf95dbc3f1ed6dca04792662eaf0eb0565aff5bfe379adff225697075af0e3ca67975804b34bfe54bd228eb5e1dd8270e6aee39300aadbffdee675bff5bfe2dd7b816244923ee3aad7ffc6a77f3962fc68975036176b4feb7fbcfb5fe2da0ee7e12db5d7aa62549ba9aae170f69fd435b0e6ede3a984a392fc7c7e7e315f180d8e1d2332849d23cb553ebbffffdeaf852fc4fdd90583839de27c6175aff4acd835affca8d24494bd20d5aff41b2d7b6fe33053f8ed3ebe6c5dacbf13b358e88035bff0a4cf74acc752f39de92244d75dd27cbbb0f9b75bfa93e3bde189f88efc6716da45f4dccdffba2d6df4defd0f8e7787deb6ff5dcbd7c7f8be696ba92a481b749dca8f50f8ff9eb78797c20be1a3f8f6575f39c05f9739f153f6dfd5b24dd2d735f1a8f8bbbc5cead7fd0932449ba8ab68f5bc59de33eadffa64277b7c3eef9f27f132f6afdfbe16f8a77c5875bff04c5eead8843e27bf1a3f865eb3f2c775a9c1fabe2bc4bfeffee5fff45eb5f72ef5e9df8fa25fffdee9ff3a17867eb5fbdf8fbd67f85ae7b35e389f1a8d6bfba71efb853eb6fa0d3dd6f41d294f7ff018b9d02f811ce6dad0000000049454e44ae426082),
('E2231', '許正男', '外場服務員', 'R678912345', '1993/3/12', '057914064', '0944444444', 'd12345@gmail.com', 'employee4.com', '大學', '5/1', '', '嘉義', '嘉義市東區', '嘉義市東區', 'GH1234567', '第一', '張反男', '父親', '0987767432', '', 0x89504e470d0a1a0a0000000d4948445200000200000002000806000000f478d4fa000027d249444154785eeddd07d42e6579efe187de14a5a8281ab180286aecc66e0cd668ac891a7b8d46f144455163ec95d8632f6022b68828b112a3d84093a072140b884a91480d655336ec72ce7f183ed8ef4ddbe52bef3b73fdd6bad64a2cb8f7cc3cf7f37d6f99694dd22cb759ec1e0f8d27c5dfc63ef1867877ec179f8bafc761f1d3f85d9c1e175ea2fbbfbb7fadfbf70e8f43e2c0d83fde136f8c97c5f3e2c9f1f0b8756cd12449d282b663dc239e11fbc6bfc5d1b1e2d0430ffd7f4b21ffdbabe237f19578473c3bee13d7bbf84f2c4992d6ba1de22fe2a5adffedbdfbadfd8cbaf94ebbfc99cf8c1fc6c7e3e5f1c8e6070349922e6ddbd6bf7cdffd067d64acae9be990e4ef7754ebdf5678445cfbb2c32049d2b0db2af68c37b5fe37e49575931c8bd6bf857044ebdfd278506c73e951922469c6eb3ea4d7bd77ff0f71682caf1b21bd1c9b8be2fbf1bad67f96c0870c254933d7dde3837166dde8583b3976e7b4fe7310f78d8dd638b692244d55bbb4fe37fd63ea66c68669fdd714bb5706765df3804b92b4545d339e16df6e03ff00dfb468fd3723fea6f910a1246991db38ee1f07c47975836271e4d82f8f7f8d3f8f4dd7383f9224cd6b3bb5fed3fbbfaf9b114b2be7e4e4787bdc68e28c4992b401dd38de1717d48d87e9d2fa6f127c346e3e710625495a87766bfda7d02faa1b0dd32de76c657caaf5cf2c902469adba6d7c2656d58d85d99273b83abe18779e38c39224add15d5bff901d9fe61fa0d63fe5f0de93a75c9234e6ee1bdfa81b06c39473fdbdd6df7a589234d2baf7f86dfc23d5fadb0edfa65c1392a401b765ebef2ae7befc23976b6045ebbf3e788d892b449234b81e1cbfa91b01e3966be2f7f197e55a91240da01bc6e7ebe08735b5fe8382ee21204903a8bb45ecdeb1ac0e7bb822adbfc5f06b5bff5691246906bb67fcac0e78581bb9768e6dfd5b4692a41969fbd6dfc1cff7f9d960b98e3e1f3b4f5e6292a469eb1e71421de2b021724d9dd6bc1a204953d946b14faca8c31be643eb6f2bfc96e6d1c3923435ed185fab031b1642eb6f20d47dab4492b484dd2b7e5f87342ca45c73a7c743cab528495a84ba97fc5f112beb7086c5d0fab704dedabc2520498bd675e3903a906129b4fe2d811b956b549234cfdd37fea70e61584aad7f4be0cf272f5549d27cf5d2e6257fa654ebdf127843b96625491b50f77effbbebc08569946b75ffe6730192b4c16d1e9fae4316a659aed92fc556e55a9624ad65dd33dabf51872bcc825cbb87b5feb6d492a475e83a71441daa304b720dffbcb9699024ad75378963ea308559946bf984b865b9c62549a53f6ebee6c7c0e49a3e23fea45ceb92a44bba4f9c5587270c41aeedf39adb074bd2e57a542caf43138624d7f88a7872b9f62569b43da2b9c10f23d1fa1b06f92140d2e8eb9ee677411d923064ad7f25e0c1652d48d268ba4d9c5987238c41eb3f13e083819246d72e71521d8a3026ad7f8890af084a1a4d3bc6d17518c218b5fe3e016e162469f075b7f7fdaf3a0461ccb2268e8aedca5a91a4c1b4591c52871f70e9b3033c4048d2e0ea1ee9fbc93af480cbb4fe29821e252c6950bdb30e3be0f2b256f6ab8b479266b517d521075cb9ac99d7d5452449b3d63d62451d70c0956bfddd02dd2848d2ccb6439c58871b70f5b2764e8b9dcb9a92a4a9affbd0df57ea5003d65ed6d0f79a0f054a9ab1f6a9c30c5877594b6fae8b4b92a635effbc33c69fde7011e54d698244d5ddef78779d67c1e40d294e77d7f5820595bdf8d4dca9a93a4a9e8a5756801f3276bec4d75d149d25277f7e67d7f5850adff3cc003cbda93a425ab7b8ad909755801f32f6bedd4b87e598392b4247da80e2960e164cd7db62e42495aecee1aabeb80021656d6dd03ea6294a4c5aafb44f28feb6002165ed6de31b145599392b428bda00e2560f1640dbeaa2e4a495ae8768ab3eb4002164fd6e00571d3b236256941fb541d46c0e2cb5afc6a5d9c92b450ddaf0e2160e9644d3eaa2e52499aef368f5fd501042c9dacc913629bb25625695e7b451d3ec0d2cbdadcb72e56499aaf7689f3ebe001965ed6e68ad86372c94ad2fc74701d3ac0f4c81afd765db492b4a1dda90e1b60fa64adee5917af246d485fa88306983ecdab0092e6b1ee7d45f7fb871991f57acfba8825697dfa641d30c0f4ca9afd7a5dc492b4aedd3c56d601034cb7acdb3bd5c52c49ebd247ea6001a65fd6ee17ea6296a4b5ed4671511d2cc0f4cbda5d1db7296b5a92d6aaf7d4a102cc8eace14fd7452d4957d7759bbbfec14ccb1a5e15bb95b52d4957d95bea3001664fd6f2fe75714bd295b55d9c530709307b5aff8c805d2697b8245d712fab4304985d59d3efaa8b5c92aea85fd60102ccaeace95363d3bad02569cdee52870730fbb2b61f5617bb24add9fbeae000665fd6f6e7ea6297a4b9368f33eae000665fd6f6f2b87659f39274718faa4303188eacf167d7452f495d5fac0303188eacf1efd7452f493b36f7fd87c1cb3abf595dfc92c6dd5e755000c393b5fe9abaf8258dbb23eaa00086276bfd3775f14b1a6f7bd421010c57d6fc3deb109034cede5a0704305c59f31fae4340d2383bb10e0860b8b2e6cf6c6e0d2c8dbe5bd5e1000c5fd6feddeb309034ae9e5f0703307c59fbafacc340d2b83aa80e0660f8b2f6bf558781a4f1b47173ef7f18a5acfd0b62cb3213248da43bd4a1008c4766c0fdea5090348ef6ae0301188fcc8037d4a120691c7db50e04603c32030eaf4341d2f0ebbe03bcac0e04603c320356c435ca6c9034f0ee5e8701303e99050fa9c341d2b07b651d04c0f86416bcad0e0749c3ee5b751000e39359f0e33a1c240db7eebbbfcbeb2000c627b360556c5f6684a481e6fd7fe052cde700a4d1f4f43a0080f1ca4c78511d129286d9be750000e39599f0e13a24240db383eb0000c62b33e13b7548481a6647d701008c5766c2297548481a5e9bc58a3a008071cb5cb8761d169286d5ee75e1036436fc491d169286d5c3ebc207c86c784a1d169286d53e75e1036436bcb90e0b49c36abfbaf001321b0eaac342d2b03abc2e7c80cc865fd4612169589d51173e4066c385b1491d189286d175eaa207989319b16b1d1a9286d15deb8207989319f1c03a34240da307d4050f302733e2afead090348c1e5d173cc09ccc8867d4a12169183db52e78803999117f578786a461b4575df000733223fea10e0d49c3e81575c103ccc98cd8b70e0d49c3e8cd75c103ccc98cf8401d1a9286d17beb820798931971401d1a9286d13fd7050f302733e2e03a34240da383ea8207989319f1ad3a34240da36fd4050f302733e2bfebd090348c7e58173cc09ccc885fd5a1216918fdbc2e788039991127d5a12169189d50173cc09ccc8873ead090348c8eab0b1e604e66c4597568481a463fab0b1e604e66c4897568481a4687d7050f302733e2177568481a4687d4050f302733e23febd090348c0eac0b1e604e66c47fd4a1216918ed5f173cc09ccc882fd4a1216918bda72e7880399911ff528786a461f4c6bae001e66446bcaf0e0d49c3e86575c103ccc98c784b1d1a9286d1f3ea8207989319f1f77568481a464fae0b1e604e66c40bead090348c1e59173cc09ccc88a7d5a1216918ed59173cc09ccc88c7d4a1216918ddb12e78803999117f568786a46174adbae001e66446dcb80e0d49c3e90f75d10364369c1f1bd5812169387dbb2e7c80cc8623ebb09034ac3e54173e4066c367ebb09034ac5e58173e4066c36bebb09034ac1e52173e4066c35fd761216958ddb42e7c80cc863bd4612169586d1ccbebe207c62d73e11a7558481a5e3fab8b1f18afcc8413eb909034cc0eac030018afcc84ffa84342d2307b631d00c0786526bcaf0e0949c3ec49750000e39599b0571d129286d99dea0000c62b3361cf3a24240db34d63591d02c0f86416ac68be01208daaafd641008c4f66c1e17538481a767bd741008c4f66c11bea709034ecee500701303e9905f7abc341d2b0ebee0878461d06c07864065c105b96d92069041d540702301e9901dfaa4341d2387a7e1d08c0786406bcb20e0549e3e896752000e3911970b73a14248da73fd4a1000c5fd6feb2d6df1344d248fb641d0cc0f065ed7fa50e0349e3ea19753000c397b5ffe23a0c248dab9bd4c1000c5fd6feedeb309034be8ea9c30118aeacf9935b7f2f104923ef1fea8000862b6bfe1d7508481a67bbc4ea3a248061ca7abf5d99019246dcb7eb900086276bfda775f14b1a774faf8302189eacf5bdebe29734eeae19e7d561010c47d6f8cab84159fb92e4a640306459e387d4452f495d0fa80303188eacf127d4452f495dddf7824faa4303987d59dbe7c4d665cd4bd2a5bdb50e0e60f6656def5f17bb24add91e757000b32f6bfb4feb6297a4da11757800b32b6bfaf8d8a82e7449aa3daf0e106076654dbfae2e7249baa2ba0f0a9d5a8708307bb296cf8beb94352e4957dacbeb2001664fd6f23bebe296a4ab6adb38b30e136076640d2f8f9dcbda96a4abed7575a000b3236bf88375514bd2dab4439c5b870a30fdb27657b4fe51df92b45ebdad0e1660fa65ed7ebc2e66495a97ae1fcbeb7001a657d6ecaab84559cb92b4cebdbf0e18607a65cd7ea62e62495a9f6e1c2bea9001a64fd6eaeab86d59c392b4deed5f070d307db2560fae8b579236a4eefdc45575d800d325ebf4ce75f14ad286b65f1d36c0f4c81a3da82e5a499a8f768c33ead001965ed6e6b971a3b2662569de7a761d3cc0d2cbda7c695dac92349f75cf14ff411d3ec0d2c99a3c2a362b6b5592e6bddbc5ca3a8480a591f578afba482569a17a571d42c0e26b6ef92b6991bb669c548711b078b206ff37ae53d6a6242d788fad0309583c59837f5317a5242d56ff5e8712b0f0b2f67e181bd70529498bd5aecdd302615165cdad8cdb97b528498bde6beb8002164ed6dcbbeb2294a4a5688b38b20e2960fe65ad1dd3fa0fe14ad254b45b9c538715307fb2c696b7fe3e1c9234553dbe0e2c60fe648d3db72e3a499a963e5c8716b0e1b2b6feb52e36499aa6b68a9fd6e105acbfaca96363dbb2d62469eada3dcead430c5877594b17c61dcb1a93a4a9ed89759001eb2e6be9f9757149d2b4f7b13acc80b59735f4f9baa8246916da3a8eaa430db87a593bbf8d6b9535254933d3ade2bc3adc802bd7faf7fdef5cd69224cd5c8f8fd575c801572cebe539751149d2acf6a23ae480cbcb5a795d5d3c9234ebed5b871d7099ac910fd54523494368a3f8781d7ac0c59bff41b1495933923498368dafd4e107639635f19dd8b2ac15491a5cddd7030faf4310c6286be1ff365ff79334a2b68f5fd46108639235f0bbb87e591b9234f86e1427d6a10863906bffd4d8b5ac09491a4ddd8d82cea8c311862cd7fcb2b853590b9234baeed6dc2d909168fd5dfeee5fd680248db6ee8700af043068b9c6cf893dcbb52f49a3ef9671421d9a3004b9b64f893b966b5e927449378c9fd7e109b3acf54ff6bb79b9d62549a5ee2b82ee13c020e45a3e32762ad7b824e94aea6e16f4e53a4c6196e41a3e34b62dd7b624e96aea6e1becd901cca45cbb07c616e59a9624ad436fadc315a659aed90fc4c6f5429624ad7b2f8cd575d0c2b4c975fa9a72ed4a9236b0c7c5b975e0c234c8b5b93c9e59ae5949d23cb57bfcac0e5f584ab9267f1db72fd7aa24699edb2a3e5287302c855c8b9f6d3ee92f498bda1362591dc8b0185aff92ff73cb3529495aa4768b23eb708685d4fa97fc6f57ae4549d222b7657cb00e695808b9d63e13d72cd7a02469097b6c9c530736cc875c5b17c473ca3527499a92ba07aefcb80e6fd810b9a68e695ef297a4a9afbbfdeaabe2823ac8615de41a5a116f8f6b4c5c6192a4a9ee66f1b53ad4616de4daf97edca65c5392a419ea31f1fb3ae0e18ae45a392d9e161b4d5e4692a459ac7b09b77b2977451df8d0c9b5b13a3e14db4f5c3992a44174db38ac0e7fc62dd7c48fe3aee55a91240daceea5dda7c7e97523605c720d9c1d7bc5261357882469d0ed101f8995756360d85aff72ff01b1d3c41521491a55ddb705ba1f042eac1b05c39273bc323e11b79ab8022449a3ee86f19e38bf6e1cccb69cd30b5bff01bf9b4e9c714992d6e8baf196e6b6c2332fe7f0bc7857ec3c71862549ba8ab66bfd1d05cfa81b0bd3adf51fee7b535c67e28c4a92b40e75f7107849fca16e344c979ca3d3e39571ed89332849d206d43d76f8d9f183baf1b0b4724e7ed4faaff36d3371c624499ae7768b37c4f175336271e4d89f14fbc61e13674692a445a8bba9d09fc6feb1ac6e52ccaf1ce3f3e393f1c0e6e63d92a429a97bf9f949f18d5855372fd64feb6fdaf39dd6dfbd71db358eb724495357774f8197c551754363ede4d81dddfa6f61dc64e2c84a923423753f0c74af0c746f13f8ccc09568fd7bfadded79bbdff46fbcc6f193246910ddbcf5df26f84c9c5237c2b168fd57f60e8cbf8dddd7383e92248da25bc70be28b7166dd2887227fb773e2cbf1a2b85deb3f40294992d2c671dbf8abd6bfffdd7de2bdfb8efbcc7cc3a0f5b7dffd49eb5fe1784d3c3e6e1f9b767f414992b46e75f7b3ffb3d6bf64de3db4e890383e56d74d7831e47ff7f7f1cd785feb5fc17840ebdfbbf79bbd24498bd0d6ad7f1be15ef190786c3c335ed8fa5711fe313ed8fa5713fe2d0e8d235aff29fb4ef77f77ff5af7ef7daaf54fcd7b5bbcbaf52fd73f2b1e177f1ef78e3f6efded912549922449922449922449922449922449922449922449922449922449d3dc3671d77864ebef2cf7f2787bbc399ed1fa3bccdda0b98dac86dfe6ad7ffae143e389f197f117adbf95f2dd62dbcbfea392345bed18f78f97c6a7e357b1aade4bfe8ae43f7746eb6f45dbddd6d60f031a423bc4d35b7fabe5dfb5ab590bf9f757c7b1f1b978453c38769afb8749d2b4b44beb7fab7f5deb07dc8975a0adaffcb38ebbe49feb3722cd5add930fbb4dff1bb1a25edbeb23ff9c3fc457e38df198b859f343b2a4456893d8a3f52f59762fdd7f2bfeb70ea985d0fac1f78435fe2cd234d7bdfaf5f37a1d2f84fcef9c1ddf8977c7535bffa0a6cd2efba348d2fad5bd94ffd43828ceadc367b1e5cff0edb8d51a7f3e699aea7e233fb85eb78b2d7f86f35bff6a5cf744c8eb4dfc0925e92ada2df68eefb5ab79af7229e4cf7461bcacf5af4848d350f732fc5e715ebd5e975afe4cabe2f0d8a7f51f3c94a44bdb38ee1e6f8d5fd60132adf267fd6133d0b4f4ed12dfaad7e7b4ca9ff5e8d837eed1fab52f69646d1d0f8ffde2d43a246645feec17c48b9b41a6a5e9d9b1ac5e97b3227ff6535b3f03ba59d0cd044903ad7b2fb07b4fb07b6ff0fc3a0c6659fe3edf8f5d27feb6d2c275c3f87abd0e6759eb3f377070ebbfb970dd89bfada499ac7b9ffc11f1cd585d17fd90e4ef775ebca0f95a9416b6a7c459f5fa1b92d67f6ee090d6dfa8c8ab6bd28cb57deb6fc2735c5ddc43d7fa6f0adc64e268481b5e77239e7fabd7dbd0b5fe86442f8c6b4d1e0e49d356f71de08fb681bdc4bfaef2f73f37fe3eb69c383ad2bad7ddd0a77b656951ee7931ad5abfa6de1fb79c383a9296b46e40757705fb4e5db4639763727c3c6ef270496b5df712f8afea753576adbfbbe1c39ab707a425eb3aadbf4ff8bcdd7a77a8728c0e8bbb4c1e3ee94abb75fc7bbd8e989463f49b78515c7bf2f0495aa8ee181f8fe5754172e55aff80954fb4fe13dcd215d5fd50fdc15859af1fae5cebdf1ef84073974e6941ea5ee6ef5eca3eac2e3ed64debbf2df0eae67bcfbaac2de2257176bd5e58373986ffd1fa471b7b7b409a87ba9b741c5d171a1b26c7f4c4d67fa5abfbe14ae3acdba41e1bbfa9d7071b26c7f4c7f1a793875bd2dad6bdd4ffedbab0985fad7fe470f729ef6d268ebe865cf71b7f7717bf63eaf5c0fc6afd8dc76e3179f8255d59376afd7bd583be71cfb4c9f13e3d5edbfa27206a9875df65ef1e24f5877afe593839de2be29f9ab5255d69dbc69be282ba80583cadbf25ea7b9b9b090da91bb4fe0138e7d4f3cde2c9f13fabf59fb5e85e8191d4faf7a09f1ba7d405c3d2c9f958199f8edb4f9c2dcd52ddd3223f1617d6f3cbd2c9f9f86deb3f7b218dbaee4623bfa80b84e9d2fa1b9f74dfc27067c1e96fb3d67f70b67bb08db7d1a658cecf0fe26e13674f1a41dd6f95dfac0b82e9d6fa97303f12f79c3c9d9a82eed4faf7994fabe78de99673f6d9e62d378da09d5b7f139f557511305b5a7f17b45737836b29eb6eead47da8cfab68332ee77079fc63f3d0210db0eefbc6fbb4913fa467885a7f87c1efc6335aff414e2d6cddd7359fd4fab76556d5f3c16c6bfdb7719e3071c6a519ee8f9aeff38f42ebbf41f0c5784eecb2e645a00daafb4dff9971602cabc79de1c979fe54f38c01cd787f1d67d58b9b71c8b9ff55bc3b1e1c5b4d5c19baaabaaf89ed196f8ba3ea71651c5aff34cffb4c5c19d20cd4fde4faa97a41335eb91e2e8843e285cd33d5afa85d63aff84a9c578f1fe3946b6155bca5f5dfee90a6befbc609f542863575d748fc6beb3f1bd2fdb6bbfd1ad7d0d0eb7e40eeee13bf77eb5feafd6d3d3eb0a6d63f5ba0bbaf8334956d1e6f6d3e98c47acab5f3bbd6bfcffd8a7860eb1f4f3beb753fd8743fe0743fe8745ff73ab6f97e3eeba1f59fb1f9db35ae2d692aea9e83fd937ac1c2866afd2b05dd4d6dde117f178f6afd83a2a6e987831de20ef188d63f58a97beffea0f85dfdfbc0866afddb44d7bbecf29396aee737f7ef6709b4fe37a2a35bff95b88fc6abe2a9addf881fd0fa1b16751b73f799831bb7fe8786ee6b741bb5cbd7fd6b5bb7fe812ddd3757ba975bbbff6ef7cfe8fe59dd3ff329f1cad6df0ca9fb3cc32f9bf7eb5902b9ee4e8d87356989da29be562f4c9805adff50e219adffdeb5fb53309372ed7ea0f53fb84a8b56f7db905b8e022cb1d67fddb67b5b4c5ad0ba3bfabda75e80002c9dcce58b9a0f086a01eb5e663ab85e78004c87cce87ddb157fc6455aefba0f4ffd67bdd800982eadffba697737496983ebee50766cbdc800984ead7f40d7986eaea505e8ee717abdb800986eadff70a0c7756bbdea6eb8e2fbfd00332a33fce4b85399edd255d6dd716d55bd9800982d99e5e735370dd25ad47dcdef9df50202607665aeaf8ce796792f5dda967160bd70001886d63fb0cdd7043551f73093c3eac502c0b064d67fbaf99aa02ee9a67174bd480018a6ccfcefc476652fd0c8ea3e1d7a4abd380018b6d63fcdb27bf2a546d81e7146bd28001887ec01c7c4f5cadea081b74b9c542f0600c6257bc14fe25a935b84865af7d3deafeb4500c038654ff85e6c55f60a0daceea7bc9fd4930fc0b8656ff86a6c56f60c0da4eea7bbefd6930e009dd67f45b0bb219c06d4a6f1a57ab201604dd92b3e503710cd6edd5d9f3e514f32005c91ec196fac1b8966b377d7930b0057257bc78beb66a2d9ea55f5a402c0dac81ef2f4baa968367a5e3d9900b0b65aff14c147d5cd45d3dde363753d9900b02eb2975c187b963d4653da83e3a27a1201607d644f5916772d7b8da6acbbc479f5e401c086c8de7246dca2ec399a92ba473b1e574f1a00cc87ec313f6b6e193c957da19e2c00984fd96b3e56371f2d6d7bd59304000b217bce93eb26a4a5e90e71613d4100b010b2e79c1bb72c7b9116b96b368ff605609165ef392ab62e7b9216b14fd79302008b217bd0c7eba6a4c5e959f56400c062ca5ef4d4ba396961bb759c5f4f04002ca6ec45e7c51e658fd202d5bde7f28b7a12006029747b526c53f62a2d40fbd5830f004b297bd3bfd4cd4af3db13eb41078069903dea1975d3d2fcb45b2cab071c00a641f6a8f3e33665efd206b6651c590f36004c93ec55bf8a6b943d4c1bd0fbea41068069943deb80ba8969fdba47acae071800a655f6ad87d5cd4cebd6a6f1d37a6001609a65ef3abef96ae006f5e27a50016016640f7b7bddd4b476ddb0f9d43f00332a7bd8cab85dd9dbb4167dae1e4c009825d9cbfe2b36ae1b9caebc07d5830800b3287bda5e7593d315d77de7ffd87a00016016654f3b3b762e7b9daea0d7d6830700b32c7bdbe7eb66a7c9768de5f5c001c0ac6bee0d70951d520f18000c41736f802bedafeac102802169ee0d70b9ba9f884eaa070a0086a4f5f706d8a3ec81a3ee25f52001c01065cffb54dd04c7da5671723d40003044ad7f15e066652f1c652fa8070700862c7bdf87eb6638b6368f13eb81018021cbde77611bf9cd819e5d0f0a008c41f6c077d64d712c6d1abfad070400c6207be079b163d91b47d153eac1008031c95ef8faba390ebdeed18847d70301006392bdf0ccd8b6ec9183ee71f52000c018654f7c59dd2487da46f1b37a0000608cb2279ed2fa7be20cbe47d6bf3c008c59f6c6bdea6639c47e54ffe2003066ad7f52e06675c31c5277af7f6900e0e21f021e5137cd21f5cefa1706002efe0160ffba690e29b7fd05802b903df2b4d67f507e706d51ffb200c065b2576e5937cf21b443fd8b0200976903fd01e006f52f0a00f4b24fae6a03fd2640f7bec6b2fa1706002efe01e0fb75e31c5287d5bf300030fc5b02bfadfe850160ecb23f5e1837ab9be690ba75fd4b03c0d8657f7c55dd3087d80fea5f1c00c62afbe24fdb403ffc577b48fdcb03c018b5fe93ff77a91be590fb6c3d08003036d90fffa96e90436fa738b31e0800188bec8327c5b6657f1c45cfaa070300c622fbe0a3ebc63896ba1b037db71e100018baec7f5faa9be2d8da3d2eac070600862afbdeb9f147653f1c65afa9070700862afbde8beb4638d6368f5fd60304004393fdee27b149d90747ddbd62753d50003014adffceff9dcbfea7f4e17ab0006028da08bff3bfb65d3b4eae070c00665d1bf177fed7b6c7d6830600b3ae8df83bffebd2e7eb81038059957ded80bad1e98adb3e4eac071000664df6b363e39a659fd35574ef58550f2400cc8aec6317359ffa5faf5e5f0f2600cc8aec632fa91b9bd6ae4de3f07a400160da65ff3aa4f5cfbcd17ab64b9c550f2c004cabec5ba7c4f526b733ad4f8fab071700a651f6acd5f1a0ba9169fddbbf1e64009836d9afde5637306d58dbc431f54003c0b4c83e75446c56f62fcd43778c0beb010780a596fd6959dcbcec5b9ac7f6ae071d00965af6a727d50d4bf35bf7958aafd4030f004b25fbd2c7cb5ea505ea5a71743d0100b0d8b21f1d195b957d4a0bd82de39c7a220060b1641f3a336e5af6272d427f11abeb09018085d6ed3ff1d0b22f69117b553d2900b0d0b2ffbcbe6e485adcba0f057ea19e18005828adbfcfffc6653fd212d43d67f9e7f50401c07ccb7e735cec30b90d6929eb6ebe70663d5100305fb2cf2c8f3b95fd475350f7f08555f58401c07cc81ef3b4baf1687adaa79e3000d850d95fde54371c4d5f9fa9270e00d657b7afb4fe43e79af2b68e23eb0904807595fde4b0d8b2ec339ae27689d3eb890480b5957de4d8d871727bd12c74bf58594f28005c9dec1f67c46e655fd10cf577f5a402c055c9de7161dcbb6e289abdfea59e5c00b832d9379e503712cd665bc437ea0906802afbc5de7513d16cd77d33e0dbf54403c09cec13af297b8706d235e2f07ac20120fbc33fd64d43c3ea5af1dff5c403305ed917de5f370b0db3ed9a1b050170e8c59bff3f3777f91b55dd8d1d8eaa170200e3917de073b149d91f3482768aa3eb0501c0f065fe7f39362bfb8246d4cef19b7a6100305c99fbdf6ceeefaf74e338be5e20000c4feb1feeb34dd90734e26e1627d50b0580e1c89cff51ebbf0d264d748b38b95e3000ccbeccf7a39a27fbe92aba75f318618041c95cff755cbfcc7be972dd3efeb75e4000cc9eccf3e3e38fca9c97aeb4bbc4d9f542026076648eff216e5ee6bb74b5dda3f921006026657e9f1c7b94b92ead75b76b3e1808305332b78f8b5d27c7b9b4ee755f11fc4dbdc000983e99d7bf8c1b96392ead77dd6d83ff6fbdd000981e99d347345ff5d302d4dd3ce2bbf5820360e9653e7f3bae3939b6a5f9abbb77f4c1f5c20360e9642e7fe992f92c2d68dda323f7ab1720008b2ff3f880d8b4cc696941dbb75e88002c9ecce1f7c64675384b8bd1deb1ba5e94002cacccded7d7812c2d764f8d15f5e20460fe65deae8e174d8e6169e97a589c5f2f5400e64fe6ecca787a99bfd29277cf38b35eb0006cb8ccd70be3d165ee4a53d36de2f87ae102b0fe3257cf8efb97792b4d5dd78defd70b18807597797a74ec5ee6ac34b56ddedc2b006083648e7ea5f577619566ae17c6ca7a510370d5323bdf1c1b97992acd540f8ab3eac50dc0e5655e9e178f2d73549ad9baf7af8ea9173a0097c99c3c2e6e37393ea5d96fbbf846bde001b878f33fb47994af065cf720a1f7d40b1f60cc3217ffa979a08f46d2b3e2a2ba0800c6a4f537f771673f8dae7bc7697541008c41e6dfffc49f94b9288da65de2a77561000c59e6de0fe30693e3501a5fd78883ea020118a2ccbb8fc516650e4aa3ee99b1ac2e168021c87c3b3d1e53e69ea44bba497ca72e1c805996b9f6a5d8a9cc3b49a5eed6972f8ee5751101cc92ccb165ad7f7553d23ab447fca82e28805990f9f5ddd6bfaa29693dda2c5e172beae20298469957cb63efe6413ed2bc7497f8555d6800d32473eac7ad7ff552d23cb655bc3b56d74507b094329756c61b5affaaa5a405ea7e717c5d80004b21f3e8e8b86b99539216a86bc5c7eb4204582c9941abe3bdb1f5e47892b4183d224ea90b13602165ee9c18f72ff348d222779df8425da0000b21f3e680b87699439296b0a7c49975b102cc87cc97d39a5bf94a535bf76ac00763655dbc00eb23f3e4a27867f35bbf3413dd26be591732c0bac81cf972ec56e68ba419e8e1f1ebbaa801ae4ae6c651f180324f24cd589bb7feb69c67d7450eb0a6d63fb2f779b1c9c4149134d35d373e14abeaa207c6adf5eff3bf2bb69b981a9206d56de35b750000e39479f095b845991392065c7713a163eb3000c621ebffe7f1c03217248da4eef3012f693e1f00a391f57e463c3f369d9806924659f7f9800f379f0f80c1cafa5ed1fa278a7a9f5fd2e5fae338b40e0e60b6655d7f35762feb5d922e57f7f98023ea1001664bd6f161cdfbfc92d6a3ee695fdfac4305986eadff64ffbdca7a96a475eecef1f9585d070d301db23e57c6a75aff569e24cd6bdd7b88fbc54575f8004b23ebf182787fdc7462b54ad20274c378479c5b8711b038b2fece8a37c7f52656a7242d42dbc7abe3f43a9c808591f57672ec13db4eac46495a82b689ff1327d46105cc8facafdfc47362cb89d5274953d066f1d4f8451d5ec0fac97a3a321ed73ca14fd20cb451ebef25f09f7598016b27ebe73bf1e0c9a52549b3d37de393717e1d70c0a4ac9365b17fdc6dcd452449b3dcb5e25971581d7a30665913abe3d0784aeb3f4f2349836db77863f3a14146acf51fea7b55ecb2e6e290a431b471eb6f37ec2d024621d7f939f1b1b877eb3f2b2349a3affb4ef333e3fb7568c22c6bfd4bfcdf8c27c5d66b5ef492a4c9768d37346f1130c372fdfe3a5e197f3471754b92aeb6ee2d823de380e62d026640aed3b3e32371cf352f6449d2fa37f71641f769e91575f0c252c9f5b83cbe164f88add6b8662549f35cf795c247c747e3a43a9061a1e5bafb6dbc2f1edabcaf2f494b56f7fcf397b5fece695e1d60deb5feb7fc7f8f17b6feb1d892a4296beed581eeab565e1d60bde5faf95dbc3f1ed6dca04792662eaf0eb0565aff5bfe379adff225697075af0e3ca67975804b34bfe54bd228eb5e1dd8270e6aee39300aadbffdee675bff5bfe2dd7b816244923ee3aad7ffc6a77f3962fc68975036176b4feb7fbcfb5fe2da0ee7e12db5d7aa62549ba9aae170f69fd435b0e6ede3a984a392fc7c7e7e315f180d8e1d2332849d23cb553ebbffffdeaf852fc4fdd90583839de27c6175aff4acd835affca8d24494bd20d5aff41b2d7b6fe33053f8ed3ebe6c5dacbf13b358e88035bff0a4cf74acc752f39de92244d75dd27cbbb0f9b75bfa93e3bde189f88efc6716da45f4dccdffba2d6df4defd0f8e7787deb6ff5dcbd7c7f8be696ba92a481b749dca8f50f8ff9eb78797c20be1a3f8f6575f39c05f9739f153f6dfd5b24dd2d735f1a8f8bbbc5cead7fd0932449ba8ab68f5bc59de33eadffa64277b7c3eef9f27f132f6afdfbe16f8a77c5875bff04c5eead8843e27bf1a3f865eb3f2c775a9c1fabe2bc4bfeffee5fff45eb5f72ef5e9df8fa25fffdee9ff3a17867eb5fbdf8fbd67f85ae7b35e389f1a8d6bfba71efb853eb6fa0d3dd6f41d294f7ff018b9d02f811ce6dad0000000049454e44ae426082);
INSERT INTO `empolyeeinformation` (`EmpolyeeID`, `Name`, `JobTitle`, `IdentityNumber`, `Brithday`, `PhoneNumber`, `CellPhoneNumber`, `EmailAddress`, `WebSiteAddress`, `Education`, `FirstDayOnDuty`, `ResignDay`, `WorkPlace`, `ResidenceAddress`, `MailingAddress`, `bankAccount`, `bankName`, `EmerContactPerson`, `EmerRelation`, `EmerPhone`, `Comment`, `AvatarImage`) VALUES
('E2314', '張翰升', '內場服務員', 'R345678912', '1995/1/22', '053421567', '0933333333', 'c12345@gmail.com', 'employee3.com', '大學', '3/1', '', '嘉義', '嘉義市東區', '嘉義市東區', 'EF1234567', '玉山', '張正男', '父親', '0910487657', '', 0x89504e470d0a1a0a0000000d4948445200000200000002000806000000f478d4fa000027d249444154785eeddd07d42e6579efe187de14a5a8281ab180286aecc66e0cd668ac891a7b8d46f144455163ec95d8632f6022b68828b112a3d84093a072140b884a91480d655336ec72ce7f183ed8ef4ddbe52bef3b73fdd6bad64a2cb8f7cc3cf7f37d6f99694dd22cb759ec1e0f8d27c5dfc63ef1867877ec179f8bafc761f1d3f85d9c1e175ea2fbbfbb7fadfbf70e8f43e2c0d83fde136f8c97c5f3e2c9f1f0b8756cd12449d282b663dc239e11fbc6bfc5d1b1e2d0430ffd7f4b21ffdbabe237f19578473c3bee13d7bbf84f2c4992d6ba1de22fe2a5adffedbdfbadfd8cbaf94ebbfc99cf8c1fc6c7e3e5f1c8e6070349922e6ddbd6bf7cdffd067d64acae9be990e4ef7754ebdf5678445cfbb2c32049d2b0db2af68c37b5fe37e49575931c8bd6bf857044ebdfd278506c73e951922469c6eb3ea4d7bd77ff0f71682caf1b21bd1c9b8be2fbf1bad67f96c0870c254933d7dde3837166dde8583b3976e7b4fe7310f78d8dd638b692244d55bbb4fe37fd63ea66c68669fdd714bb5706765df3804b92b4545d339e16df6e03ff00dfb468fd3723fea6f910a1246991db38ee1f07c47975836271e4d82f8f7f8d3f8f4dd7383f9224cd6b3bb5fed3fbbfaf9b114b2be7e4e4787bdc68e28c4992b401dd38de1717d48d87e9d2fa6f127c346e3e710625495a87766bfda7d02faa1b0dd32de76c657caaf5cf2c902469adba6d7c2656d58d85d99273b83abe18779e38c39224add15d5bff901d9fe61fa0d63fe5f0de93a75c9234e6ee1bdfa81b06c39473fdbdd6df7a589234d2baf7f86dfc23d5fadb0edfa65c1392a401b765ebef2ae7befc23976b6045ebbf3e788d892b449234b81e1cbfa91b01e3966be2f7f197e55a91240da01bc6e7ebe08735b5fe8382ee21204903a8bb45ecdeb1ac0e7bb822adbfc5f06b5bff5691246906bb67fcac0e78581bb9768e6dfd5b4692a41969fbd6dfc1cff7f9d960b98e3e1f3b4f5e6292a469eb1e71421de2b021724d9dd6bc1a204953d946b14faca8c31be643eb6f2bfc96e6d1c3923435ed185fab031b1642eb6f20d47dab4492b484dd2b7e5f87342ca45c73a7c743cab528495a84ba97fc5f112beb7086c5d0fab704dedabc2520498bd675e3903a906129b4fe2d811b956b549234cfdd37fea70e61584aad7f4be0cf272f5549d27cf5d2e6257fa654ebdf127843b96625491b50f77effbbebc08569946b75ffe6730192b4c16d1e9fae4316a659aed92fc556e55a9624ad65dd33dabf51872bcc825cbb87b5feb6d492a475e83a71441daa304b720dffbcb9699024ad75378963ea308559946bf984b865b9c62549a53f6ebee6c7c0e49a3e23fea45ceb92a44bba4f9c5587270c41aeedf39adb074bd2e57a542caf43138624d7f88a7872b9f62569b43da2b9c10f23d1fa1b06f92140d2e8eb9ee677411d923064ad7f25e0c1652d48d268ba4d9c5987238c41eb3f13e083819246d72e71521d8a3026ad7f8890af084a1a4d3bc6d17518c218b5fe3e016e162469f075b7f7fdaf3a0461ccb2268e8aedca5a91a4c1b4591c52871f70e9b3033c4048d2e0ea1ee9fbc93af480cbb4fe29821e252c6950bdb30e3be0f2b256f6ab8b479266b517d521075cb9ac99d7d5452449b3d63d62451d70c0956bfddd02dd2848d2ccb6439c58871b70f5b2764e8b9dcb9a92a4a9affbd0df57ea5003d65ed6d0f79a0f054a9ab1f6a9c30c5877594b6fae8b4b92a635effbc33c69fde7011e54d698244d5ddef78779d67c1e40d294e77d7f5820595bdf8d4dca9a93a4a9e8a5756801f3276bec4d75d149d25277f7e67d7f5850adff3cc003cbda93a425ab7b8ad909755801f32f6bedd4b87e598392b4247da80e2960e164cd7db62e42495aecee1aabeb80021656d6dd03ea6294a4c5aafb44f28feb6002165ed6de31b145599392b428bda00e2560f1640dbeaa2e4a495ae8768ab3eb4002164fd6e00571d3b236256941fb541d46c0e2cb5afc6a5d9c92b450ddaf0e2160e9644d3eaa2e52499aef368f5fd501042c9dacc913629bb25625695e7b451d3ec0d2cbdadcb72e56499aaf7689f3ebe001965ed6e68ad86372c94ad2fc74701d3ac0f4c81afd765db492b4a1dda90e1b60fa64adee5917af246d485fa88306983ecdab0092e6b1ee7d45f7fb871991f57acfba8825697dfa641d30c0f4ca9afd7a5dc492b4aedd3c56d601034cb7acdb3bd5c52c49ebd247ea6001a65fd6ee17ea6296a4b5ed4671511d2cc0f4cbda5d1db7296b5a92d6aaf7d4a102cc8eace14fd7452d4957d7759bbbfec14ccb1a5e15bb95b52d4957d95bea3001664fd6f2fe75714bd295b55d9c530709307b5aff8c805d2697b8245d712fab4304985d59d3efaa8b5c92aea85fd60102ccaeace95363d3bad02569cdee52870730fbb2b61f5617bb24add9fbeae000665fd6f6e7ea6297a4b9368f33eae000665fd6f6f2b87659f39274718faa4303188eacf167d7452f495d5fac0303188eacf1efd7452f493b36f7fd87c1cb3abf595dfc92c6dd5e755000c393b5fe9abaf8258dbb23eaa00086276bfd3775f14b1a6f7bd421010c57d6fc3deb109034cede5a0704305c59f31fae4340d2383bb10e0860b8b2e6cf6c6e0d2c8dbe5bd5e1000c5fd6feddeb309034ae9e5f0703307c59fbafacc340d2b83aa80e0660f8b2f6bf558781a4f1b47173ef7f18a5acfd0b62cb3213248da43bd4a1008c4766c0fdea5090348ef6ae0301188fcc8037d4a120691c7db50e04603c32030eaf4341d2f0ebbe03bcac0e04603c320356c435ca6c9034f0ee5e8701303e99050fa9c341d2b07b651d04c0f86416bcad0e0749c3ee5b751000e39359f0e33a1c240db7eebbbfcbeb2000c627b360556c5f6684a481e6fd7fe052cde700a4d1f4f43a0080f1ca4c78511d129286d9be750000e39599f0e13a24240db383eb0000c62b33e13b7548481a6647d701008c5766c2297548481a5e9bc58a3a008071cb5cb8761d169286d5ee75e1036436fc491d169286d5c3ebc207c86c784a1d169286d53e75e1036436bcb90e0b49c36abfbaf001321b0eaac342d2b03abc2e7c80cc865fd4612169589d51173e4066c385b1491d189286d175eaa207989319b16b1d1a9286d15deb8207989319f1c03a34240da307d4050f302733e2afead090348c1e5d173cc09ccc8867d4a12169183db52e78803999117f578786a461b4575df000733223fea10e0d49c3e81575c103ccc98cd8b70e0d49c3e8cd75c103ccc98cf8401d1a9286d17beb820798931971401d1a9286d13fd7050f302733e2e03a34240da383ea8207989319f1ad3a34240da36fd4050f302733e2bfebd090348c7e58173cc09ccc885fd5a1216918fdbc2e788039991127d5a12169189d50173cc09ccc8873ead090348c8eab0b1e604e66c4597568481a463fab0b1e604e66c4897568481a4687d7050f302733e2177568481a4687d4050f302733e23febd090348c0eac0b1e604e66c47fd4a1216918ed5f173cc09ccc882fd4a1216918bda72e7880399911ff528786a461f4c6bae001e66446bcaf0e0d49c3e86575c103ccc98c784b1d1a9286d1f3ea8207989319f1f77568481a464fae0b1e604e66c40bead090348c1e59173cc09ccc88a7d5a1216918ed59173cc09ccc88c7d4a1216918ddb12e78803999117f568786a46174adbae001e66446dcb80e0d49c3e90f75d10364369c1f1bd5812169387dbb2e7c80cc8623ebb09034ac3e54173e4066c367ebb09034ac5e58173e4066c36bebb09034ac1e52173e4066c35fd761216958ddb42e7c80cc863bd4612169586d1ccbebe207c62d73e11a7558481a5e3fab8b1f18afcc8413eb909034cc0eac030018afcc84ffa84342d2307b631d00c0786526bcaf0e0949c3ec49750000e39599b0571d129286d99dea0000c62b3361cf3a24240db34d63591d02c0f86416ac68be01208daaafd641008c4f66c1e17538481a767bd741008c4f66c11bea709034ecee500701303e9905f7abc341d2b0ebee0878461d06c07864065c105b96d92069041d540702301e9901dfaa4341d2387a7e1d08c0786406bcb20e0549e3e896752000e3911970b73a14248da73fd4a1000c5fd6feb2d6df1344d248fb641d0cc0f065ed7fa50e0349e3ea19753000c397b5ffe23a0c248dab9bd4c1000c5fd6feedeb309034be8ea9c30118aeacf9935b7f2f104923ef1fea8000862b6bfe1d7508481a67bbc4ea3a248061ca7abf5d99019246dcb7eb900086276bfda775f14b1a774faf8302189eacf5bdebe29734eeae19e7d561010c47d6f8cab84159fb92e4a640306459e387d4452f495d0fa80303188eacf127d4452f495dddf7824faa4303987d59dbe7c4d665cd4bd2a5bdb50e0e60f6656def5f17bb24add91e757000b32f6bfb4feb6297a4da11757800b32b6bfaf8d8a82e7449aa3daf0e106076654dbfae2e7249baa2ba0f0a9d5a8708307bb296cf8beb94352e4957dacbeb2001664fd6f23bebe296a4ab6adb38b30e136076640d2f8f9dcbda96a4abed7575a000b3236bf88375514bd2dab4439c5b870a30fdb27657b4fe51df92b45ebdad0e1660fa65ed7ebc2e66495a97ae1fcbeb7001a657d6ecaab84559cb92b4cebdbf0e18607a65cd7ea62e62495a9f6e1c2bea9001a64fd6eaeab86d59c392b4deed5f070d307db2560fae8b579236a4eefdc45575d800d325ebf4ce75f14ad286b65f1d36c0f4c81a3da82e5a499a8f768c33ead001965ed6e6b971a3b2662569de7a761d3cc0d2cbda7c695dac92349f75cf14ff411d3ec0d2c99a3c2a362b6b5592e6bddbc5ca3a8480a591f578afba482569a17a571d42c0e26b6ef92b6991bb669c548711b078b206ff37ae53d6a6242d788fad0309583c59837f5317a5242d56ff5e8712b0f0b2f67e181bd70529498bd5aecdd302615165cdad8cdb97b528498bde6beb8002164ed6dcbbeb2294a4a5688b38b20e2960fe65ad1dd3fa0fe14ad254b45b9c538715307fb2c696b7fe3e1c9234553dbe0e2c60fe648d3db72e3a499a963e5c8716b0e1b2b6feb52e36499aa6b68a9fd6e105acbfaca96363dbb2d62469eada3dcead430c5877594b17c61dcb1a93a4a9ed89759001eb2e6be9f9757149d2b4f7b13acc80b59735f4f9baa8246916da3a8eaa430db87a593bbf8d6b9535254933d3ade2bc3adc802bd7faf7fdef5cd69224cd5c8f8fd575c801572cebe539751149d2acf6a23ae480cbcb5a795d5d3c9234ebed5b871d7099ac910fd54523494368a3f8781d7ac0c59bff41b1495933923498368dafd4e107639635f19dd8b2ac15491a5cddd7030faf4310c6286be1ff365ff79334a2b68f5fd46108639235f0bbb87e591b9234f86e1427d6a10863906bffd4d8b5ac09491a4ddd8d82cea8c311862cd7fcb2b853590b9234baeed6dc2d909168fd5dfeee5fd680248db6ee8700af043068b9c6cf893dcbb52f49a3ef9671421d9a3004b9b64f893b966b5e927449378c9fd7e109b3acf54ff6bb79b9d62549a5ee2b82ee13c020e45a3e32762ad7b824e94aea6e16f4e53a4c6196e41a3e34b62dd7b624e96aea6e1becd901cca45cbb07c616e59a9624ad436fadc315a659aed90fc4c6f5429624ad7b2f8cd575d0c2b4c975fa9a72ed4a9236b0c7c5b975e0c234c8b5b93c9e59ae5949d23cb57bfcac0e5f584ab9267f1db72fd7aa24699edb2a3e5287302c855c8b9f6d3ee92f498bda1362591dc8b0185aff92ff73cb3529495aa4768b23eb708685d4fa97fc6f57ae4549d222b7657cb00e695808b9d63e13d72cd7a02469097b6c9c530736cc875c5b17c473ca3527499a92ba07aefcb80e6fd810b9a68e695ef297a4a9afbbfdeaabe2823ac8615de41a5a116f8f6b4c5c6192a4a9ee66f1b53ad4616de4daf97edca65c5392a419ea31f1fb3ae0e18ae45a392d9e161b4d5e4692a459ac7b09b77b2977451df8d0c9b5b13a3e14db4f5c3992a44174db38ac0e7fc62dd7c48fe3aee55a91240daceea5dda7c7e97523605c720d9c1d7bc5261357882469d0ed101f8995756360d85aff72ff01b1d3c41521491a55ddb705ba1f042eac1b05c39273bc323e11b79ab8022449a3ee86f19e38bf6e1cccb69cd30b5bff01bf9b4e9c714992d6e8baf196e6b6c2332fe7f0bc7857ec3c71862549ba8ab66bfd1d05cfa81b0bd3adf51fee7b535c67e28c4a92b40e75f7107849fca16e344c979ca3d3e39571ed89332849d206d43d76f8d9f183baf1b0b4724e7ed4faaff36d3371c624499ae7768b37c4f175336271e4d89f14fbc61e13674692a445a8bba9d09fc6feb1ac6e52ccaf1ce3f3e393f1c0e6e63d92a429a97bf9f949f18d5855372fd64feb6fdaf39dd6dfbd71db358eb724495357774f8197c551754363ede4d81dddfa6f61dc64e2c84a923423753f0c74af0c746f13f8ccc09568fd7bfadded79bbdff46fbcc6f193246910ddbcf5df26f84c9c5237c2b168fd57f60e8cbf8dddd7383e92248da25bc70be28b7166dd2887227fb773e2cbf1a2b85deb3f40294992d2c671dbf8abd6bfffdd7de2bdfb8efbcc7cc3a0f5b7dffd49eb5fe1784d3c3e6e1f9b767f414992b46e75f7b3ffb3d6bf64de3db4e890383e56d74d7831e47ff7f7f1cd785feb5fc17840ebdfbbf79bbd24498bd0d6ad7f1be15ef190786c3c335ed8fa5711fe313ed8fa5713fe2d0e8d235aff29fb4ef77f77ff5af7ef7daaf54fcd7b5bbcbaf52fd73f2b1e177f1ef78e3f6efded912549922449922449922449922449922449922449922449922449922449d3dc3671d77864ebef2cf7f2787bbc399ed1fa3bccdda0b98dac86dfe6ad7ffae143e389f197f117adbf95f2dd62dbcbfea392345bed18f78f97c6a7e357b1aade4bfe8ae43f7746eb6f45dbddd6d60f031a423bc4d35b7fabe5dfb5ab590bf9f757c7b1f1b978453c38769afb8749d2b4b44beb7fab7f5deb07dc8975a0adaffcb38ebbe49feb3722cd5add930fbb4dff1bb1a25edbeb23ff9c3fc457e38df198b859f343b2a4456893d8a3f52f59762fdd7f2bfeb70ea985d0fac1f78435fe2cd234d7bdfaf5f37a1d2f84fcef9c1ddf8977c7535bffa0a6cd2efba348d2fad5bd94ffd43828ceadc367b1e5cff0edb8d51a7f3e699aea7e233fb85eb78b2d7f86f35bff6a5cf744c8eb4dfc0925e92ada2df68eefb5ab79af7229e4cf7461bcacf5af4848d350f732fc5e715ebd5e975afe4cabe2f0d8a7f51f3c94a44bdb38ee1e6f8d5fd60132adf267fd6133d0b4f4ed12dfaad7e7b4ca9ff5e8d837eed1fab52f69646d1d0f8ffde2d43a246645feec17c48b9b41a6a5e9d9b1ac5e97b3227ff6535b3f03ba59d0cd044903ad7b2fb07b4fb07b6ff0fc3a0c6659fe3edf8f5d27feb6d2c275c3f87abd0e6759eb3f377070ebbfb970dd89bfada499ac7b9ffc11f1cd585d17fd90e4ef775ebca0f95a9416b6a7c459f5fa1b92d67f6ee090d6dfa8c8ab6bd28cb57deb6fc2735c5ddc43d7fa6f0adc64e268481b5e77239e7fabd7dbd0b5fe86442f8c6b4d1e0e49d356f71de08fb681bdc4bfaef2f73f37fe3eb69c383ad2bad7ddd0a77b656951ee7931ad5abfa6de1fb79c383a9296b46e40757705fb4e5db4639763727c3c6ef270496b5df712f8afea753576adbfbbe1c39ab707a425eb3aadbf4ff8bcdd7a77a8728c0e8bbb4c1e3ee94abb75fc7bbd8e989463f49b78515c7bf2f0495aa8ee181f8fe5754172e55aff80954fb4fe13dcd215d5fd50fdc15859af1fae5cebdf1ef84073974e6941ea5ee6ef5eca3eac2e3ed64debbf2df0eae67bcfbaac2de2257176bd5e58373986ffd1fa471b7b7b409a87ba9b741c5d171a1b26c7f4c4d67fa5abfbe14ae3acdba41e1bbfa9d7071b26c7f4c7f1a793875bd2dad6bdd4ffedbab0985fad7fe470f729ef6d268ebe865cf71b7f7717bf63eaf5c0fc6afd8dc76e3179f8255d59376afd7bd583be71cfb4c9f13e3d5edbfa27206a9875df65ef1e24f5877afe593839de2be29f9ab5255d69dbc69be282ba80583cadbf25ea7b9b9b090da91bb4fe0138e7d4f3cde2c9f13fabf59fb5e85e8191d4faf7a09f1ba7d405c3d2c9f958199f8edb4f9c2dcd52ddd3223f1617d6f3cbd2c9f9f86deb3f7b218dbaee4623bfa80b84e9d2fa1b9f74dfc27067c1e96fb3d67f70b67bb08db7d1a658cecf0fe26e13674f1a41dd6f95dfac0b82e9d6fa97303f12f79c3c9d9a82eed4faf7994fabe78de99673f6d9e62d378da09d5b7f139f557511305b5a7f17b45737836b29eb6eead47da8cfab68332ee77079fc63f3d0210db0eefbc6fbb4913fa467885a7f87c1efc6335aff414e2d6cddd7359fd4fab76556d5f3c16c6bfdb7719e3071c6a519ee8f9aeff38f42ebbf41f0c5784eecb2e645a00daafb4dff9971602cabc79de1c979fe54f38c01cd787f1d67d58b9b71c8b9ff55bc3b1e1c5b4d5c19baaabaaf89ed196f8ba3ea71651c5aff34cffb4c5c19d20cd4fde4faa97a41335eb91e2e8843e285cd33d5afa85d63aff84a9c578f1fe3946b6155bca5f5dfee90a6befbc609f542863575d748fc6beb3f1bd2fdb6bbfd1ad7d0d0eb7e40eeee13bf77eb5feafd6d3d3eb0a6d63f5ba0bbaf8334956d1e6f6d3e98c47acab5f3bbd6bfcffd8a7860eb1f4f3beb753fd8743fe0743fe8745ff73ab6f97e3eeba1f59fb1f9db35ae2d692aea9e83fd937ac1c2866afd2b05dd4d6dde117f178f6afd83a2a6e987831de20ef188d63f58a97beffea0f85dfdfbc0866afddb44d7bbecf29396aee737f7ef6709b4fe37a2a35bff95b88fc6abe2a9addf881fd0fa1b16751b73f799831bb7fe8786ee6b741bb5cbd7fd6b5bb7fe812ddd3757ba975bbbff6ef7cfe8fe59dd3ff329f1cad6df0ca9fb3cc32f9bf7eb5902b9ee4e8d87356989da29be562f4c9805adff50e219adffdeb5fb53309372ed7ea0f53fb84a8b56f7db905b8e022cb1d67fddb67b5b4c5ad0ba3bfabda75e80002c9dcce58b9a0f086a01eb5e663ab85e78004c87cce87ddb157fc6455aefba0f4ffd67bdd800982eadffba697737496983ebee50766cbdc800984ead7f40d7986eaea505e8ee717abdb800986eadff70a0c7756bbdea6eb8e2fbfd00332a33fce4b85399edd255d6dd716d55bd9800982d99e5e735370dd25ad47dcdef9df50202607665aeaf8ce796792f5dda967160bd70001886d63fb0cdd7043551f73093c3eac502c0b064d67fbaf99aa02ee9a67174bd480018a6ccfcefc476652fd0c8ea3e1d7a4abd380018b6d63fcdb27bf2a546d81e7146bd28001887ec01c7c4f5cadea081b74b9c542f0600c6257bc14fe25a935b84865af7d3deafeb4500c038654ff85e6c55f60a0daceea7bc9fd4930fc0b8656ff86a6c56f60c0da4eea7bbefd6930e009dd67f45b0bb219c06d4a6f1a57ab201604dd92b3e503710cd6edd5d9f3e514f32005c91ec196fac1b8966b377d7930b0057257bc78beb66a2d9ea55f5a402c0dac81ef2f4baa968367a5e3d9900b0b65aff14c147d5cd45d3dde363753d9900b02eb2975c187b963d4653da83e3a27a1201607d644f5916772d7b8da6acbbc479f5e401c086c8de7246dca2ec399a92ba473b1e574f1a00cc87ec313f6b6e193c957da19e2c00984fd96b3e56371f2d6d7bd59304000b217bce93eb26a4a5e90e71613d4100b010b2e79c1bb72c7b9116b96b368ff605609165ef392ab62e7b9216b14fd79302008b217bd0c7eba6a4c5e959f56400c062ca5ef4d4ba396961bb759c5f4f04002ca6ec45e7c51e658fd202d5bde7f28b7a12006029747b526c53f62a2d40fbd5830f004b297bd3bfd4cd4af3db13eb41078069903dea1975d3d2fcb45b2cab071c00a641f6a8f3e33665efd206b6651c590f36004c93ec55bf8a6b943d4c1bd0fbea41068069943deb80ba8969fdba47acae071800a655f6ad87d5cd4cebd6a6f1d37a6001609a65ef3abef96ae006f5e27a50016016640f7b7bddd4b476ddb0f9d43f00332a7bd8cab85dd9dbb4167dae1e4c009825d9cbfe2b36ae1b9caebc07d5830800b3287bda5e7593d315d77de7ffd87a00016016654f3b3b762e7b9daea0d7d6830700b32c7bdbe7eb66a7c9768de5f5c001c0ac6bee0d70951d520f18000c41736f802bedafeac102802169ee0d70b9ba9f884eaa070a0086a4f5f706d8a3ec81a3ee25f52001c01065cffb54dd04c7da5671723d40003044ad7f15e066652f1c652fa8070700862c7bdf87eb6638b6368f13eb81018021cbde77611bf9cd819e5d0f0a008c41f6c077d64d712c6d1abfad070400c6207be079b163d91b47d153eac1008031c95ef8faba390ebdeed18847d70301006392bdf0ccd8b6ec9183ee71f52000c018654f7c59dd2487da46f1b37a0000608cb2279ed2fa7be20cbe47d6bf3c008c59f6c6bdea6639c47e54ffe2003066ad7f52e06675c31c5277af7f6900e0e21f021e5137cd21f5cefa1706002efe0160ffba690e29b7fd05802b903df2b4d67f507e706d51ffb200c065b2576e5937cf21b443fd8b0200976903fd01e006f52f0a00f4b24fae6a03fd2640f7bec6b2fa1706002efe01e0fb75e31c5287d5bf300030fc5b02bfadfe850160ecb23f5e1837ab9be690ba75fd4b03c0d8657f7c55dd3087d80fea5f1c00c62afbe24fdb403ffc577b48fdcb03c018b5fe93ff77a91be590fb6c3d08003036d90fffa96e90436fa738b31e0800188bec8327c5b6657f1c45cfaa070300c622fbe0a3ebc63896ba1b037db71e100018baec7f5faa9be2d8da3d2eac070600862afbdeb9f147653f1c65afa9070700862afbde8beb4638d6368f5fd60304004393fdee27b149d90747ddbd62753d50003014adffceff9dcbfea7f4e17ab0006028da08bff3bfb65d3b4eae070c00665d1bf177fed7b6c7d6830600b3ae8df83bffebd2e7eb81038059957ded80bad1e98adb3e4eac071000664df6b363e39a659fd35574ef58550f2400cc8aec6317359ffa5faf5e5f0f2600cc8aec632fa91b9bd6ae4de3f07a400160da65ff3aa4f5cfbcd17ab64b9c550f2c004cabec5ba7c4f526b733ad4f8fab071700a651f6acd5f1a0ba9169fddbbf1e64009836d9afde5637306d58dbc431f54003c0b4c83e75446c56f62fcd43778c0beb010780a596fd6959dcbcec5b9ac7f6ae071d00965af6a727d50d4bf35bf7958aafd4030f004b25fbd2c7cb5ea505ea5a71743d0100b0d8b21f1d195b957d4a0bd82de39c7a220060b1641f3a336e5af6272d427f11abeb09018085d6ed3ff1d0b22f69117b553d2900b0d0b2ffbcbe6e485adcba0f057ea19e18005828adbfcfffc6653fd212d43d67f9e7f50401c07ccb7e735cec30b90d6929eb6ebe70663d5100305fb2cf2c8f3b95fd475350f7f08555f58401c07cc81ef3b4baf1687adaa79e3000d850d95fde54371c4d5f9fa9270e00d657b7afb4fe43e79af2b68e23eb0904807595fde4b0d8b2ec339ae27689d3eb890480b5957de4d8d871727bd12c74bf58594f28005c9dec1f67c46e655fd10cf577f5a402c055c9de7161dcbb6e289abdfea59e5c00b832d9379e503712cd665bc437ea0906802afbc5de7513d16cd77d33e0dbf54403c09cec13af297b8706d235e2f07ac20120fbc33fd64d43c3ea5af1dff5c403305ed917de5f370b0db3ed9a1b050170e8c59bff3f3777f91b55dd8d1d8eaa170200e3917de073b149d91f3482768aa3eb0501c0f065fe7f39362bfb8246d4cef19b7a6100305c99fbdf6ceeefaf74e338be5e20000c4feb1feeb34dd90734e26e1627d50b0580e1c89cff51ebbf0d264d748b38b95e3000ccbeccf7a39a27fbe92aba75f318618041c95cff755cbfcc7be972dd3efeb75e4000cc9eccf3e3e38fca9c97aeb4bbc4d9f542026076648eff216e5ee6bb74b5dda3f921006026657e9f1c7b94b92ead75b76b3e1808305332b78f8b5d27c7b9b4ee755f11fc4dbdc000983e99d7bf8c1b96392ead77dd6d83ff6fbdd000981e99d347345ff5d302d4dd3ce2bbf5820360e9653e7f3bae3939b6a5f9abbb77f4c1f5c20360e9642e7fe992f92c2d68dda323f7ab1720008b2ff3f880d8b4cc696941dbb75e88002c9ecce1f7c64675384b8bd1deb1ba5e94002cacccded7d7812c2d764f8d15f5e20460fe65deae8e174d8e6169e97a589c5f2f5400e64fe6ecca787a99bfd29277cf38b35eb0006cb8ccd70be3d165ee4a53d36de2f87ae102b0fe3257cf8efb97792b4d5dd78defd70b18807597797a74ec5ee6ac34b56ddedc2b006083648e7ea5f577619566ae17c6ca7a510370d5323bdf1c1b97992acd540f8ab3eac50dc0e5655e9e178f2d73549ad9baf7af8ea9173a0097c99c3c2e6e37393ea5d96fbbf846bde001b878f33fb47994af065cf720a1f7d40b1f60cc3217ffa979a08f46d2b3e2a2ba0800c6a4f537f771673f8dae7bc7697541008c41e6dfffc49f94b9288da65de2a77561000c59e6de0fe30693e3501a5fd78883ea020118a2ccbb8fc516650e4aa3ee99b1ac2e168021c87c3b3d1e53e69ea44bba497ca72e1c805996b9f6a5d8a9cc3b49a5eed6972f8ee5751101cc92ccb165ad7f7553d23ab447fca82e28805990f9f5ddd6bfaa29693dda2c5e172beae20298469957cb63efe6413ed2bc7497f8555d6800d32473eac7ad7ff552d23cb655bc3b56d74507b094329756c61b5affaaa5a405ea7e717c5d80004b21f3e8e8b86b99539216a86bc5c7eb4204582c9941abe3bdb1f5e47892b4183d224ea90b13602165ee9c18f72ff348d222779df8425da0000b21f3e680b87699439296b0a7c49975b102cc87cc97d39a5bf94a535bf76ac00763655dbc00eb23f3e4a27867f35bbf3413dd26be591732c0bac81cf972ec56e68ba419e8e1f1ebbaa801ae4ae6c651f180324f24cd589bb7feb69c67d7450eb0a6d63fb2f779b1c9c4149134d35d373e14abeaa207c6adf5eff3bf2bb69b981a9206d56de35b750000e39479f095b845991392065c7713a163eb3000c621ebffe7f1c03217248da4eef3012f693e1f00a391f57e463c3f369d9806924659f7f9800f379f0f80c1cafa5ed1fa278a7a9f5fd2e5fae338b40e0e60b6655d7f35762feb5d922e57f7f98023ea1001664bd6f161cdfbfc92d6a3ee695fdfac4305986eadff64ffbdca7a96a475eecef1f9585d070d301db23e57c6a75aff569e24cd6bdd7b88fbc54575f8004b23ebf182787fdc7462b54ad20274c378479c5b8711b038b2fece8a37c7f52656a7242d42dbc7abe3f43a9c808591f57672ec13db4eac46495a82b689ff1327d46105cc8facafdfc47362cb89d5274953d066f1d4f8451d5ec0fac97a3a321ed73ca14fd20cb451ebef25f09f7598016b27ebe73bf1e0c9a52549b3d37de393717e1d70c0a4ac9365b17fdc6dcd452449b3dcb5e25971581d7a30665913abe3d0784aeb3f4f2349836db77863f3a14146acf51fea7b55ecb2e6e290a431b471eb6f37ec2d024621d7f939f1b1b877eb3f2b2349a3affb4ef333e3fb7568c22c6bfd4bfcdf8c27c5d66b5ef492a4c9768d37346f1130c372fdfe3a5e197f3471754b92aeb6ee2d823de380e62d026640aed3b3e32371cf352f6449d2fa37f71641f769e91575f0c252c9f5b83cbe164f88add6b8662549f35cf795c247c747e3a43a9061a1e5bafb6dbc2f1edabcaf2f494b56f7fcf397b5fece695e1d60deb5feb7fc7f8f17b6feb1d892a4296beed581eeab565e1d60bde5faf95dbc3f1ed6dca04792662eaf0eb0565aff5bfe379adff225697075af0e3ca67975804b34bfe54bd228eb5e1dd8270e6aee39300aadbffdee675bff5bfe2dd7b816244923ee3aad7ffc6a77f3962fc68975036176b4feb7fbcfb5fe2da0ee7e12db5d7aa62549ba9aae170f69fd435b0e6ede3a984a392fc7c7e7e315f180d8e1d2332849d23cb553ebbffffdeaf852fc4fdd90583839de27c6175aff4acd835affca8d24494bd20d5aff41b2d7b6fe33053f8ed3ebe6c5dacbf13b358e88035bff0a4cf74acc752f39de92244d75dd27cbbb0f9b75bfa93e3bde189f88efc6716da45f4dccdffba2d6df4defd0f8e7787deb6ff5dcbd7c7f8be696ba92a481b749dca8f50f8ff9eb78797c20be1a3f8f6575f39c05f9739f153f6dfd5b24dd2d735f1a8f8bbbc5cead7fd0932449ba8ab68f5bc59de33eadffa64277b7c3eef9f27f132f6afdfbe16f8a77c5875bff04c5eead8843e27bf1a3f865eb3f2c775a9c1fabe2bc4bfeffee5fff45eb5f72ef5e9df8fa25fffdee9ff3a17867eb5fbdf8fbd67f85ae7b35e389f1a8d6bfba71efb853eb6fa0d3dd6f41d294f7ff018b9d02f811ce6dad0000000049454e44ae426082),
('E2341', '許反男', '內場服務員', 'R234567891', '1997/12/12', '052134567', '0922222222', 'b12345@gmail.com', 'employee2.com', '大學', '7/1', '', '嘉義', '嘉義市西區', '嘉義市西區', 'CD1234567', '京城', '許正男', '父親', '0931574832', '', 0x89504e470d0a1a0a0000000d4948445200000200000002000806000000f478d4fa000027d249444154785eeddd07d42e6579efe187de14a5a8281ab180286aecc66e0cd668ac891a7b8d46f144455163ec95d8632f6022b68828b112a3d84093a072140b884a91480d655336ec72ce7f183ed8ef4ddbe52bef3b73fdd6bad64a2cb8f7cc3cf7f37d6f99694dd22cb759ec1e0f8d27c5dfc63ef1867877ec179f8bafc761f1d3f85d9c1e175ea2fbbfbb7fadfbf70e8f43e2c0d83fde136f8c97c5f3e2c9f1f0b8756cd12449d282b663dc239e11fbc6bfc5d1b1e2d0430ffd7f4b21ffdbabe237f19578473c3bee13d7bbf84f2c4992d6ba1de22fe2a5adffedbdfbadfd8cbaf94ebbfc99cf8c1fc6c7e3e5f1c8e6070349922e6ddbd6bf7cdffd067d64acae9be990e4ef7754ebdf5678445cfbb2c32049d2b0db2af68c37b5fe37e49575931c8bd6bf857044ebdfd278506c73e951922469c6eb3ea4d7bd77ff0f71682caf1b21bd1c9b8be2fbf1bad67f96c0870c254933d7dde3837166dde8583b3976e7b4fe7310f78d8dd638b692244d55bbb4fe37fd63ea66c68669fdd714bb5706765df3804b92b4545d339e16df6e03ff00dfb468fd3723fea6f910a1246991db38ee1f07c47975836271e4d82f8f7f8d3f8f4dd7383f9224cd6b3bb5fed3fbbfaf9b114b2be7e4e4787bdc68e28c4992b401dd38de1717d48d87e9d2fa6f127c346e3e710625495a87766bfda7d02faa1b0dd32de76c657caaf5cf2c902469adba6d7c2656d58d85d99273b83abe18779e38c39224add15d5bff901d9fe61fa0d63fe5f0de93a75c9234e6ee1bdfa81b06c39473fdbdd6df7a589234d2baf7f86dfc23d5fadb0edfa65c1392a401b765ebef2ae7befc23976b6045ebbf3e788d892b449234b81e1cbfa91b01e3966be2f7f197e55a91240da01bc6e7ebe08735b5fe8382ee21204903a8bb45ecdeb1ac0e7bb822adbfc5f06b5bff5691246906bb67fcac0e78581bb9768e6dfd5b4692a41969fbd6dfc1cff7f9d960b98e3e1f3b4f5e6292a469eb1e71421de2b021724d9dd6bc1a204953d946b14faca8c31be643eb6f2bfc96e6d1c3923435ed185fab031b1642eb6f20d47dab4492b484dd2b7e5f87342ca45c73a7c743cab528495a84ba97fc5f112beb7086c5d0fab704dedabc2520498bd675e3903a906129b4fe2d811b956b549234cfdd37fea70e61584aad7f4be0cf272f5549d27cf5d2e6257fa654ebdf127843b96625491b50f77effbbebc08569946b75ffe6730192b4c16d1e9fae4316a659aed92fc556e55a9624ad65dd33dabf51872bcc825cbb87b5feb6d492a475e83a71441daa304b720dffbcb9699024ad75378963ea308559946bf984b865b9c62549a53f6ebee6c7c0e49a3e23fea45ceb92a44bba4f9c5587270c41aeedf39adb074bd2e57a542caf43138624d7f88a7872b9f62569b43da2b9c10f23d1fa1b06f92140d2e8eb9ee677411d923064ad7f25e0c1652d48d268ba4d9c5987238c41eb3f13e083819246d72e71521d8a3026ad7f8890af084a1a4d3bc6d17518c218b5fe3e016e162469f075b7f7fdaf3a0461ccb2268e8aedca5a91a4c1b4591c52871f70e9b3033c4048d2e0ea1ee9fbc93af480cbb4fe29821e252c6950bdb30e3be0f2b256f6ab8b479266b517d521075cb9ac99d7d5452449b3d63d62451d70c0956bfddd02dd2848d2ccb6439c58871b70f5b2764e8b9dcb9a92a4a9affbd0df57ea5003d65ed6d0f79a0f054a9ab1f6a9c30c5877594b6fae8b4b92a635effbc33c69fde7011e54d698244d5ddef78779d67c1e40d294e77d7f5820595bdf8d4dca9a93a4a9e8a5756801f3276bec4d75d149d25277f7e67d7f5850adff3cc003cbda93a425ab7b8ad909755801f32f6bedd4b87e598392b4247da80e2960e164cd7db62e42495aecee1aabeb80021656d6dd03ea6294a4c5aafb44f28feb6002165ed6de31b145599392b428bda00e2560f1640dbeaa2e4a495ae8768ab3eb4002164fd6e00571d3b236256941fb541d46c0e2cb5afc6a5d9c92b450ddaf0e2160e9644d3eaa2e52499aef368f5fd501042c9dacc913629bb25625695e7b451d3ec0d2cbdadcb72e56499aaf7689f3ebe001965ed6e68ad86372c94ad2fc74701d3ac0f4c81afd765db492b4a1dda90e1b60fa64adee5917af246d485fa88306983ecdab0092e6b1ee7d45f7fb871991f57acfba8825697dfa641d30c0f4ca9afd7a5dc492b4aedd3c56d601034cb7acdb3bd5c52c49ebd247ea6001a65fd6ee17ea6296a4b5ed4671511d2cc0f4cbda5d1db7296b5a92d6aaf7d4a102cc8eace14fd7452d4957d7759bbbfec14ccb1a5e15bb95b52d4957d95bea3001664fd6f2fe75714bd295b55d9c530709307b5aff8c805d2697b8245d712fab4304985d59d3efaa8b5c92aea85fd60102ccaeace95363d3bad02569cdee52870730fbb2b61f5617bb24add9fbeae000665fd6f6e7ea6297a4b9368f33eae000665fd6f6f2b87659f39274718faa4303188eacf167d7452f495d5fac0303188eacf1efd7452f493b36f7fd87c1cb3abf595dfc92c6dd5e755000c393b5fe9abaf8258dbb23eaa00086276bfd3775f14b1a6f7bd421010c57d6fc3deb109034cede5a0704305c59f31fae4340d2383bb10e0860b8b2e6cf6c6e0d2c8dbe5bd5e1000c5fd6feddeb309034ae9e5f0703307c59fbafacc340d2b83aa80e0660f8b2f6bf558781a4f1b47173ef7f18a5acfd0b62cb3213248da43bd4a1008c4766c0fdea5090348ef6ae0301188fcc8037d4a120691c7db50e04603c32030eaf4341d2f0ebbe03bcac0e04603c320356c435ca6c9034f0ee5e8701303e99050fa9c341d2b07b651d04c0f86416bcad0e0749c3ee5b751000e39359f0e33a1c240db7eebbbfcbeb2000c627b360556c5f6684a481e6fd7fe052cde700a4d1f4f43a0080f1ca4c78511d129286d9be750000e39599f0e13a24240db383eb0000c62b33e13b7548481a6647d701008c5766c2297548481a5e9bc58a3a008071cb5cb8761d169286d5ee75e1036436fc491d169286d5c3ebc207c86c784a1d169286d53e75e1036436bcb90e0b49c36abfbaf001321b0eaac342d2b03abc2e7c80cc865fd4612169589d51173e4066c385b1491d189286d175eaa207989319b16b1d1a9286d15deb8207989319f1c03a34240da307d4050f302733e2afead090348c1e5d173cc09ccc8867d4a12169183db52e78803999117f578786a461b4575df000733223fea10e0d49c3e81575c103ccc98cd8b70e0d49c3e8cd75c103ccc98cf8401d1a9286d17beb820798931971401d1a9286d13fd7050f302733e2e03a34240da383ea8207989319f1ad3a34240da36fd4050f302733e2bfebd090348c7e58173cc09ccc885fd5a1216918fdbc2e788039991127d5a12169189d50173cc09ccc8873ead090348c8eab0b1e604e66c4597568481a463fab0b1e604e66c4897568481a4687d7050f302733e2177568481a4687d4050f302733e23febd090348c0eac0b1e604e66c47fd4a1216918ed5f173cc09ccc882fd4a1216918bda72e7880399911ff528786a461f4c6bae001e66446bcaf0e0d49c3e86575c103ccc98c784b1d1a9286d1f3ea8207989319f1f77568481a464fae0b1e604e66c40bead090348c1e59173cc09ccc88a7d5a1216918ed59173cc09ccc88c7d4a1216918ddb12e78803999117f568786a46174adbae001e66446dcb80e0d49c3e90f75d10364369c1f1bd5812169387dbb2e7c80cc8623ebb09034ac3e54173e4066c367ebb09034ac5e58173e4066c36bebb09034ac1e52173e4066c35fd761216958ddb42e7c80cc863bd4612169586d1ccbebe207c62d73e11a7558481a5e3fab8b1f18afcc8413eb909034cc0eac030018afcc84ffa84342d2307b631d00c0786526bcaf0e0949c3ec49750000e39599b0571d129286d99dea0000c62b3361cf3a24240db34d63591d02c0f86416ac68be01208daaafd641008c4f66c1e17538481a767bd741008c4f66c11bea709034ecee500701303e9905f7abc341d2b0ebee0878461d06c07864065c105b96d92069041d540702301e9901dfaa4341d2387a7e1d08c0786406bcb20e0549e3e896752000e3911970b73a14248da73fd4a1000c5fd6feb2d6df1344d248fb641d0cc0f065ed7fa50e0349e3ea19753000c397b5ffe23a0c248dab9bd4c1000c5fd6feedeb309034be8ea9c30118aeacf9935b7f2f104923ef1fea8000862b6bfe1d7508481a67bbc4ea3a248061ca7abf5d99019246dcb7eb900086276bfda775f14b1a774faf8302189eacf5bdebe29734eeae19e7d561010c47d6f8cab84159fb92e4a640306459e387d4452f495d0fa80303188eacf127d4452f495dddf7824faa4303987d59dbe7c4d665cd4bd2a5bdb50e0e60f6656def5f17bb24add91e757000b32f6bfb4feb6297a4da11757800b32b6bfaf8d8a82e7449aa3daf0e106076654dbfae2e7249baa2ba0f0a9d5a8708307bb296cf8beb94352e4957dacbeb2001664fd6f23bebe296a4ab6adb38b30e136076640d2f8f9dcbda96a4abed7575a000b3236bf88375514bd2dab4439c5b870a30fdb27657b4fe51df92b45ebdad0e1660fa65ed7ebc2e66495a97ae1fcbeb7001a657d6ecaab84559cb92b4cebdbf0e18607a65cd7ea62e62495a9f6e1c2bea9001a64fd6eaeab86d59c392b4deed5f070d307db2560fae8b579236a4eefdc45575d800d325ebf4ce75f14ad286b65f1d36c0f4c81a3da82e5a499a8f768c33ead001965ed6e6b971a3b2662569de7a761d3cc0d2cbda7c695dac92349f75cf14ff411d3ec0d2c99a3c2a362b6b5592e6bddbc5ca3a8480a591f578afba482569a17a571d42c0e26b6ef92b6991bb669c548711b078b206ff37ae53d6a6242d788fad0309583c59837f5317a5242d56ff5e8712b0f0b2f67e181bd70529498bd5aecdd302615165cdad8cdb97b528498bde6beb8002164ed6dcbbeb2294a4a5688b38b20e2960fe65ad1dd3fa0fe14ad254b45b9c538715307fb2c696b7fe3e1c9234553dbe0e2c60fe648d3db72e3a499a963e5c8716b0e1b2b6feb52e36499aa6b68a9fd6e105acbfaca96363dbb2d62469eada3dcead430c5877594b17c61dcb1a93a4a9ed89759001eb2e6be9f9757149d2b4f7b13acc80b59735f4f9baa8246916da3a8eaa430db87a593bbf8d6b9535254933d3ade2bc3adc802bd7faf7fdef5cd69224cd5c8f8fd575c801572cebe539751149d2acf6a23ae480cbcb5a795d5d3c9234ebed5b871d7099ac910fd54523494368a3f8781d7ac0c59bff41b1495933923498368dafd4e107639635f19dd8b2ac15491a5cddd7030faf4310c6286be1ff365ff79334a2b68f5fd46108639235f0bbb87e591b9234f86e1427d6a10863906bffd4d8b5ac09491a4ddd8d82cea8c311862cd7fcb2b853590b9234baeed6dc2d909168fd5dfeee5fd680248db6ee8700af043068b9c6cf893dcbb52f49a3ef9671421d9a3004b9b64f893b966b5e927449378c9fd7e109b3acf54ff6bb79b9d62549a5ee2b82ee13c020e45a3e32762ad7b824e94aea6e16f4e53a4c6196e41a3e34b62dd7b624e96aea6e1becd901cca45cbb07c616e59a9624ad436fadc315a659aed90fc4c6f5429624ad7b2f8cd575d0c2b4c975fa9a72ed4a9236b0c7c5b975e0c234c8b5b93c9e59ae5949d23cb57bfcac0e5f584ab9267f1db72fd7aa24699edb2a3e5287302c855c8b9f6d3ee92f498bda1362591dc8b0185aff92ff73cb3529495aa4768b23eb708685d4fa97fc6f57ae4549d222b7657cb00e695808b9d63e13d72cd7a02469097b6c9c530736cc875c5b17c473ca3527499a92ba07aefcb80e6fd810b9a68e695ef297a4a9afbbfdeaabe2823ac8615de41a5a116f8f6b4c5c6192a4a9ee66f1b53ad4616de4daf97edca65c5392a419ea31f1fb3ae0e18ae45a392d9e161b4d5e4692a459ac7b09b77b2977451df8d0c9b5b13a3e14db4f5c3992a44174db38ac0e7fc62dd7c48fe3aee55a91240daceea5dda7c7e97523605c720d9c1d7bc5261357882469d0ed101f8995756360d85aff72ff01b1d3c41521491a55ddb705ba1f042eac1b05c39273bc323e11b79ab8022449a3ee86f19e38bf6e1cccb69cd30b5bff01bf9b4e9c714992d6e8baf196e6b6c2332fe7f0bc7857ec3c71862549ba8ab66bfd1d05cfa81b0bd3adf51fee7b535c67e28c4a92b40e75f7107849fca16e344c979ca3d3e39571ed89332849d206d43d76f8d9f183baf1b0b4724e7ed4faaff36d3371c624499ae7768b37c4f175336271e4d89f14fbc61e13674692a445a8bba9d09fc6feb1ac6e52ccaf1ce3f3e393f1c0e6e63d92a429a97bf9f949f18d5855372fd64feb6fdaf39dd6dfbd71db358eb724495357774f8197c551754363ede4d81dddfa6f61dc64e2c84a923423753f0c74af0c746f13f8ccc09568fd7bfadded79bbdff46fbcc6f193246910ddbcf5df26f84c9c5237c2b168fd57f60e8cbf8dddd7383e92248da25bc70be28b7166dd2887227fb773e2cbf1a2b85deb3f40294992d2c671dbf8abd6bfffdd7de2bdfb8efbcc7cc3a0f5b7dffd49eb5fe1784d3c3e6e1f9b767f414992b46e75f7b3ffb3d6bf64de3db4e890383e56d74d7831e47ff7f7f1cd785feb5fc17840ebdfbbf79bbd24498bd0d6ad7f1be15ef190786c3c335ed8fa5711fe313ed8fa5713fe2d0e8d235aff29fb4ef77f77ff5af7ef7daaf54fcd7b5bbcbaf52fd73f2b1e177f1ef78e3f6efded912549922449922449922449922449922449922449922449922449922449d3dc3671d77864ebef2cf7f2787bbc399ed1fa3bccdda0b98dac86dfe6ad7ffae143e389f197f117adbf95f2dd62dbcbfea392345bed18f78f97c6a7e357b1aade4bfe8ae43f7746eb6f45dbddd6d60f031a423bc4d35b7fabe5dfb5ab590bf9f757c7b1f1b978453c38769afb8749d2b4b44beb7fab7f5deb07dc8975a0adaffcb38ebbe49feb3722cd5add930fbb4dff1bb1a25edbeb23ff9c3fc457e38df198b859f343b2a4456893d8a3f52f59762fdd7f2bfeb70ea985d0fac1f78435fe2cd234d7bdfaf5f37a1d2f84fcef9c1ddf8977c7535bffa0a6cd2efba348d2fad5bd94ffd43828ceadc367b1e5cff0edb8d51a7f3e699aea7e233fb85eb78b2d7f86f35bff6a5cf744c8eb4dfc0925e92ada2df68eefb5ab79af7229e4cf7461bcacf5af4848d350f732fc5e715ebd5e975afe4cabe2f0d8a7f51f3c94a44bdb38ee1e6f8d5fd60132adf267fd6133d0b4f4ed12dfaad7e7b4ca9ff5e8d837eed1fab52f69646d1d0f8ffde2d43a246645feec17c48b9b41a6a5e9d9b1ac5e97b3227ff6535b3f03ba59d0cd044903ad7b2fb07b4fb07b6ff0fc3a0c6659fe3edf8f5d27feb6d2c275c3f87abd0e6759eb3f377070ebbfb970dd89bfada499ac7b9ffc11f1cd585d17fd90e4ef775ebca0f95a9416b6a7c459f5fa1b92d67f6ee090d6dfa8c8ab6bd28cb57deb6fc2735c5ddc43d7fa6f0adc64e268481b5e77239e7fabd7dbd0b5fe86442f8c6b4d1e0e49d356f71de08fb681bdc4bfaef2f73f37fe3eb69c383ad2bad7ddd0a77b656951ee7931ad5abfa6de1fb79c383a9296b46e40757705fb4e5db4639763727c3c6ef270496b5df712f8afea753576adbfbbe1c39ab707a425eb3aadbf4ff8bcdd7a77a8728c0e8bbb4c1e3ee94abb75fc7bbd8e989463f49b78515c7bf2f0495aa8ee181f8fe5754172e55aff80954fb4fe13dcd215d5fd50fdc15859af1fae5cebdf1ef84073974e6941ea5ee6ef5eca3eac2e3ed64debbf2df0eae67bcfbaac2de2257176bd5e58373986ffd1fa471b7b7b409a87ba9b741c5d171a1b26c7f4c4d67fa5abfbe14ae3acdba41e1bbfa9d7071b26c7f4c7f1a793875bd2dad6bdd4ffedbab0985fad7fe470f729ef6d268ebe865cf71b7f7717bf63eaf5c0fc6afd8dc76e3179f8255d59376afd7bd583be71cfb4c9f13e3d5edbfa27206a9875df65ef1e24f5877afe593839de2be29f9ab5255d69dbc69be282ba80583cadbf25ea7b9b9b090da91bb4fe0138e7d4f3cde2c9f13fabf59fb5e85e8191d4faf7a09f1ba7d405c3d2c9f958199f8edb4f9c2dcd52ddd3223f1617d6f3cbd2c9f9f86deb3f7b218dbaee4623bfa80b84e9d2fa1b9f74dfc27067c1e96fb3d67f70b67bb08db7d1a658cecf0fe26e13674f1a41dd6f95dfac0b82e9d6fa97303f12f79c3c9d9a82eed4faf7994fabe78de99673f6d9e62d378da09d5b7f139f557511305b5a7f17b45737836b29eb6eead47da8cfab68332ee77079fc63f3d0210db0eefbc6fbb4913fa467885a7f87c1efc6335aff414e2d6cddd7359fd4fab76556d5f3c16c6bfdb7719e3071c6a519ee8f9aeff38f42ebbf41f0c5784eecb2e645a00daafb4dff9971602cabc79de1c979fe54f38c01cd787f1d67d58b9b71c8b9ff55bc3b1e1c5b4d5c19baaabaaf89ed196f8ba3ea71651c5aff34cffb4c5c19d20cd4fde4faa97a41335eb91e2e8843e285cd33d5afa85d63aff84a9c578f1fe3946b6155bca5f5dfee90a6befbc609f542863575d748fc6beb3f1bd2fdb6bbfd1ad7d0d0eb7e40eeee13bf77eb5feafd6d3d3eb0a6d63f5ba0bbaf8334956d1e6f6d3e98c47acab5f3bbd6bfcffd8a7860eb1f4f3beb753fd8743fe0743fe8745ff73ab6f97e3eeba1f59fb1f9db35ae2d692aea9e83fd937ac1c2866afd2b05dd4d6dde117f178f6afd83a2a6e987831de20ef188d63f58a97beffea0f85dfdfbc0866afddb44d7bbecf29396aee737f7ef6709b4fe37a2a35bff95b88fc6abe2a9addf881fd0fa1b16751b73f799831bb7fe8786ee6b741bb5cbd7fd6b5bb7fe812ddd3757ba975bbbff6ef7cfe8fe59dd3ff329f1cad6df0ca9fb3cc32f9bf7eb5902b9ee4e8d87356989da29be562f4c9805adff50e219adffdeb5fb53309372ed7ea0f53fb84a8b56f7db905b8e022cb1d67fddb67b5b4c5ad0ba3bfabda75e80002c9dcce58b9a0f086a01eb5e663ab85e78004c87cce87ddb157fc6455aefba0f4ffd67bdd800982eadffba697737496983ebee50766cbdc800984ead7f40d7986eaea505e8ee717abdb800986eadff70a0c7756bbdea6eb8e2fbfd00332a33fce4b85399edd255d6dd716d55bd9800982d99e5e735370dd25ad47dcdef9df50202607665aeaf8ce796792f5dda967160bd70001886d63fb0cdd7043551f73093c3eac502c0b064d67fbaf99aa02ee9a67174bd480018a6ccfcefc476652fd0c8ea3e1d7a4abd380018b6d63fcdb27bf2a546d81e7146bd28001887ec01c7c4f5cadea081b74b9c542f0600c6257bc14fe25a935b84865af7d3deafeb4500c038654ff85e6c55f60a0daceea7bc9fd4930fc0b8656ff86a6c56f60c0da4eea7bbefd6930e009dd67f45b0bb219c06d4a6f1a57ab201604dd92b3e503710cd6edd5d9f3e514f32005c91ec196fac1b8966b377d7930b0057257bc78beb66a2d9ea55f5a402c0dac81ef2f4baa968367a5e3d9900b0b65aff14c147d5cd45d3dde363753d9900b02eb2975c187b963d4653da83e3a27a1201607d644f5916772d7b8da6acbbc479f5e401c086c8de7246dca2ec399a92ba473b1e574f1a00cc87ec313f6b6e193c957da19e2c00984fd96b3e56371f2d6d7bd59304000b217bce93eb26a4a5e90e71613d4100b010b2e79c1bb72c7b9116b96b368ff605609165ef392ab62e7b9216b14fd79302008b217bd0c7eba6a4c5e959f56400c062ca5ef4d4ba396961bb759c5f4f04002ca6ec45e7c51e658fd202d5bde7f28b7a12006029747b526c53f62a2d40fbd5830f004b297bd3bfd4cd4af3db13eb41078069903dea1975d3d2fcb45b2cab071c00a641f6a8f3e33665efd206b6651c590f36004c93ec55bf8a6b943d4c1bd0fbea41068069943deb80ba8969fdba47acae071800a655f6ad87d5cd4cebd6a6f1d37a6001609a65ef3abef96ae006f5e27a50016016640f7b7bddd4b476ddb0f9d43f00332a7bd8cab85dd9dbb4167dae1e4c009825d9cbfe2b36ae1b9caebc07d5830800b3287bda5e7593d315d77de7ffd87a00016016654f3b3b762e7b9daea0d7d6830700b32c7bdbe7eb66a7c9768de5f5c001c0ac6bee0d70951d520f18000c41736f802bedafeac102802169ee0d70b9ba9f884eaa070a0086a4f5f706d8a3ec81a3ee25f52001c01065cffb54dd04c7da5671723d40003044ad7f15e066652f1c652fa8070700862c7bdf87eb6638b6368f13eb81018021cbde77611bf9cd819e5d0f0a008c41f6c077d64d712c6d1abfad070400c6207be079b163d91b47d153eac1008031c95ef8faba390ebdeed18847d70301006392bdf0ccd8b6ec9183ee71f52000c018654f7c59dd2487da46f1b37a0000608cb2279ed2fa7be20cbe47d6bf3c008c59f6c6bdea6639c47e54ffe2003066ad7f52e06675c31c5277af7f6900e0e21f021e5137cd21f5cefa1706002efe0160ffba690e29b7fd05802b903df2b4d67f507e706d51ffb200c065b2576e5937cf21b443fd8b0200976903fd01e006f52f0a00f4b24fae6a03fd2640f7bec6b2fa1706002efe01e0fb75e31c5287d5bf300030fc5b02bfadfe850160ecb23f5e1837ab9be690ba75fd4b03c0d8657f7c55dd3087d80fea5f1c00c62afbe24fdb403ffc577b48fdcb03c018b5fe93ff77a91be590fb6c3d08003036d90fffa96e90436fa738b31e0800188bec8327c5b6657f1c45cfaa070300c622fbe0a3ebc63896ba1b037db71e100018baec7f5faa9be2d8da3d2eac070600862afbdeb9f147653f1c65afa9070700862afbde8beb4638d6368f5fd60304004393fdee27b149d90747ddbd62753d50003014adffceff9dcbfea7f4e17ab0006028da08bff3bfb65d3b4eae070c00665d1bf177fed7b6c7d6830600b3ae8df83bffebd2e7eb81038059957ded80bad1e98adb3e4eac071000664df6b363e39a659fd35574ef58550f2400cc8aec6317359ffa5faf5e5f0f2600cc8aec632fa91b9bd6ae4de3f07a400160da65ff3aa4f5cfbcd17ab64b9c550f2c004cabec5ba7c4f526b733ad4f8fab071700a651f6acd5f1a0ba9169fddbbf1e64009836d9afde5637306d58dbc431f54003c0b4c83e75446c56f62fcd43778c0beb010780a596fd6959dcbcec5b9ac7f6ae071d00965af6a727d50d4bf35bf7958aafd4030f004b25fbd2c7cb5ea505ea5a71743d0100b0d8b21f1d195b957d4a0bd82de39c7a220060b1641f3a336e5af6272d427f11abeb09018085d6ed3ff1d0b22f69117b553d2900b0d0b2ffbcbe6e485adcba0f057ea19e18005828adbfcfffc6653fd212d43d67f9e7f50401c07ccb7e735cec30b90d6929eb6ebe70663d5100305fb2cf2c8f3b95fd475350f7f08555f58401c07cc81ef3b4baf1687adaa79e3000d850d95fde54371c4d5f9fa9270e00d657b7afb4fe43e79af2b68e23eb0904807595fde4b0d8b2ec339ae27689d3eb890480b5957de4d8d871727bd12c74bf58594f28005c9dec1f67c46e655fd10cf577f5a402c055c9de7161dcbb6e289abdfea59e5c00b832d9379e503712cd665bc437ea0906802afbc5de7513d16cd77d33e0dbf54403c09cec13af297b8706d235e2f07ac20120fbc33fd64d43c3ea5af1dff5c403305ed917de5f370b0db3ed9a1b050170e8c59bff3f3777f91b55dd8d1d8eaa170200e3917de073b149d91f3482768aa3eb0501c0f065fe7f39362bfb8246d4cef19b7a6100305c99fbdf6ceeefaf74e338be5e20000c4feb1feeb34dd90734e26e1627d50b0580e1c89cff51ebbf0d264d748b38b95e3000ccbeccf7a39a27fbe92aba75f318618041c95cff755cbfcc7be972dd3efeb75e4000cc9eccf3e3e38fca9c97aeb4bbc4d9f542026076648eff216e5ee6bb74b5dda3f921006026657e9f1c7b94b92ead75b76b3e1808305332b78f8b5d27c7b9b4ee755f11fc4dbdc000983e99d7bf8c1b96392ead77dd6d83ff6fbdd000981e99d347345ff5d302d4dd3ce2bbf5820360e9653e7f3bae3939b6a5f9abbb77f4c1f5c20360e9642e7fe992f92c2d68dda323f7ab1720008b2ff3f880d8b4cc696941dbb75e88002c9ecce1f7c64675384b8bd1deb1ba5e94002cacccded7d7812c2d764f8d15f5e20460fe65deae8e174d8e6169e97a589c5f2f5400e64fe6ecca787a99bfd29277cf38b35eb0006cb8ccd70be3d165ee4a53d36de2f87ae102b0fe3257cf8efb97792b4d5dd78defd70b18807597797a74ec5ee6ac34b56ddedc2b006083648e7ea5f577619566ae17c6ca7a510370d5323bdf1c1b97992acd540f8ab3eac50dc0e5655e9e178f2d73549ad9baf7af8ea9173a0097c99c3c2e6e37393ea5d96fbbf846bde001b878f33fb47994af065cf720a1f7d40b1f60cc3217ffa979a08f46d2b3e2a2ba0800c6a4f537f771673f8dae7bc7697541008c41e6dfffc49f94b9288da65de2a77561000c59e6de0fe30693e3501a5fd78883ea020118a2ccbb8fc516650e4aa3ee99b1ac2e168021c87c3b3d1e53e69ea44bba497ca72e1c805996b9f6a5d8a9cc3b49a5eed6972f8ee5751101cc92ccb165ad7f7553d23ab447fca82e28805990f9f5ddd6bfaa29693dda2c5e172beae20298469957cb63efe6413ed2bc7497f8555d6800d32473eac7ad7ff552d23cb655bc3b56d74507b094329756c61b5affaaa5a405ea7e717c5d80004b21f3e8e8b86b99539216a86bc5c7eb4204582c9941abe3bdb1f5e47892b4183d224ea90b13602165ee9c18f72ff348d222779df8425da0000b21f3e680b87699439296b0a7c49975b102cc87cc97d39a5bf94a535bf76ac00763655dbc00eb23f3e4a27867f35bbf3413dd26be591732c0bac81cf972ec56e68ba419e8e1f1ebbaa801ae4ae6c651f180324f24cd589bb7feb69c67d7450eb0a6d63fb2f779b1c9c4149134d35d373e14abeaa207c6adf5eff3bf2bb69b981a9206d56de35b750000e39479f095b845991392065c7713a163eb3000c621ebffe7f1c03217248da4eef3012f693e1f00a391f57e463c3f369d9806924659f7f9800f379f0f80c1cafa5ed1fa278a7a9f5fd2e5fae338b40e0e60b6655d7f35762feb5d922e57f7f98023ea1001664bd6f161cdfbfc92d6a3ee695fdfac4305986eadff64ffbdca7a96a475eecef1f9585d070d301db23e57c6a75aff569e24cd6bdd7b88fbc54575f8004b23ebf182787fdc7462b54ad20274c378479c5b8711b038b2fece8a37c7f52656a7242d42dbc7abe3f43a9c808591f57672ec13db4eac46495a82b689ff1327d46105cc8facafdfc47362cb89d5274953d066f1d4f8451d5ec0fac97a3a321ed73ca14fd20cb451ebef25f09f7598016b27ebe73bf1e0c9a52549b3d37de393717e1d70c0a4ac9365b17fdc6dcd452449b3dcb5e25971581d7a30665913abe3d0784aeb3f4f2349836db77863f3a14146acf51fea7b55ecb2e6e290a431b471eb6f37ec2d024621d7f939f1b1b877eb3f2b2349a3affb4ef333e3fb7568c22c6bfd4bfcdf8c27c5d66b5ef492a4c9768d37346f1130c372fdfe3a5e197f3471754b92aeb6ee2d823de380e62d026640aed3b3e32371cf352f6449d2fa37f71641f769e91575f0c252c9f5b83cbe164f88add6b8662549f35cf795c247c747e3a43a9061a1e5bafb6dbc2f1edabcaf2f494b56f7fcf397b5fece695e1d60deb5feb7fc7f8f17b6feb1d892a4296beed581eeab565e1d60bde5faf95dbc3f1ed6dca04792662eaf0eb0565aff5bfe379adff225697075af0e3ca67975804b34bfe54bd228eb5e1dd8270e6aee39300aadbffdee675bff5bfe2dd7b816244923ee3aad7ffc6a77f3962fc68975036176b4feb7fbcfb5fe2da0ee7e12db5d7aa62549ba9aae170f69fd435b0e6ede3a984a392fc7c7e7e315f180d8e1d2332849d23cb553ebbffffdeaf852fc4fdd90583839de27c6175aff4acd835affca8d24494bd20d5aff41b2d7b6fe33053f8ed3ebe6c5dacbf13b358e88035bff0a4cf74acc752f39de92244d75dd27cbbb0f9b75bfa93e3bde189f88efc6716da45f4dccdffba2d6df4defd0f8e7787deb6ff5dcbd7c7f8be696ba92a481b749dca8f50f8ff9eb78797c20be1a3f8f6575f39c05f9739f153f6dfd5b24dd2d735f1a8f8bbbc5cead7fd0932449ba8ab68f5bc59de33eadffa64277b7c3eef9f27f132f6afdfbe16f8a77c5875bff04c5eead8843e27bf1a3f865eb3f2c775a9c1fabe2bc4bfeffee5fff45eb5f72ef5e9df8fa25fffdee9ff3a17867eb5fbdf8fbd67f85ae7b35e389f1a8d6bfba71efb853eb6fa0d3dd6f41d294f7ff018b9d02f811ce6dad0000000049454e44ae426082);
INSERT INTO `empolyeeinformation` (`EmpolyeeID`, `Name`, `JobTitle`, `IdentityNumber`, `Brithday`, `PhoneNumber`, `CellPhoneNumber`, `EmailAddress`, `WebSiteAddress`, `Education`, `FirstDayOnDuty`, `ResignDay`, `WorkPlace`, `ResidenceAddress`, `MailingAddress`, `bankAccount`, `bankName`, `EmerContactPerson`, `EmerRelation`, `EmerPhone`, `Comment`, `AvatarImage`) VALUES
('E4123', '許瀚降', '外場服務員', 'R987654321', '1990/5/5', '0955555555', '059785098', 'e12345@gmail.com', 'employee5.com', '大學', '4/1', '11/31', '嘉義', '嘉義市東區', '嘉義市東區', 'IJ1234567', '第一', '王正男', '父親', '0902566532', '', 0x89504e470d0a1a0a0000000d4948445200000200000002000806000000f478d4fa000027d249444154785eeddd07d42e6579efe187de14a5a8281ab180286aecc66e0cd668ac891a7b8d46f144455163ec95d8632f6022b68828b112a3d84093a072140b884a91480d655336ec72ce7f183ed8ef4ddbe52bef3b73fdd6bad64a2cb8f7cc3cf7f37d6f99694dd22cb759ec1e0f8d27c5dfc63ef1867877ec179f8bafc761f1d3f85d9c1e175ea2fbbfbb7fadfbf70e8f43e2c0d83fde136f8c97c5f3e2c9f1f0b8756cd12449d282b663dc239e11fbc6bfc5d1b1e2d0430ffd7f4b21ffdbabe237f19578473c3bee13d7bbf84f2c4992d6ba1de22fe2a5adffedbdfbadfd8cbaf94ebbfc99cf8c1fc6c7e3e5f1c8e6070349922e6ddbd6bf7cdffd067d64acae9be990e4ef7754ebdf5678445cfbb2c32049d2b0db2af68c37b5fe37e49575931c8bd6bf857044ebdfd278506c73e951922469c6eb3ea4d7bd77ff0f71682caf1b21bd1c9b8be2fbf1bad67f96c0870c254933d7dde3837166dde8583b3976e7b4fe7310f78d8dd638b692244d55bbb4fe37fd63ea66c68669fdd714bb5706765df3804b92b4545d339e16df6e03ff00dfb468fd3723fea6f910a1246991db38ee1f07c47975836271e4d82f8f7f8d3f8f4dd7383f9224cd6b3bb5fed3fbbfaf9b114b2be7e4e4787bdc68e28c4992b401dd38de1717d48d87e9d2fa6f127c346e3e710625495a87766bfda7d02faa1b0dd32de76c657caaf5cf2c902469adba6d7c2656d58d85d99273b83abe18779e38c39224add15d5bff901d9fe61fa0d63fe5f0de93a75c9234e6ee1bdfa81b06c39473fdbdd6df7a589234d2baf7f86dfc23d5fadb0edfa65c1392a401b765ebef2ae7befc23976b6045ebbf3e788d892b449234b81e1cbfa91b01e3966be2f7f197e55a91240da01bc6e7ebe08735b5fe8382ee21204903a8bb45ecdeb1ac0e7bb822adbfc5f06b5bff5691246906bb67fcac0e78581bb9768e6dfd5b4692a41969fbd6dfc1cff7f9d960b98e3e1f3b4f5e6292a469eb1e71421de2b021724d9dd6bc1a204953d946b14faca8c31be643eb6f2bfc96e6d1c3923435ed185fab031b1642eb6f20d47dab4492b484dd2b7e5f87342ca45c73a7c743cab528495a84ba97fc5f112beb7086c5d0fab704dedabc2520498bd675e3903a906129b4fe2d811b956b549234cfdd37fea70e61584aad7f4be0cf272f5549d27cf5d2e6257fa654ebdf127843b96625491b50f77effbbebc08569946b75ffe6730192b4c16d1e9fae4316a659aed92fc556e55a9624ad65dd33dabf51872bcc825cbb87b5feb6d492a475e83a71441daa304b720dffbcb9699024ad75378963ea308559946bf984b865b9c62549a53f6ebee6c7c0e49a3e23fea45ceb92a44bba4f9c5587270c41aeedf39adb074bd2e57a542caf43138624d7f88a7872b9f62569b43da2b9c10f23d1fa1b06f92140d2e8eb9ee677411d923064ad7f25e0c1652d48d268ba4d9c5987238c41eb3f13e083819246d72e71521d8a3026ad7f8890af084a1a4d3bc6d17518c218b5fe3e016e162469f075b7f7fdaf3a0461ccb2268e8aedca5a91a4c1b4591c52871f70e9b3033c4048d2e0ea1ee9fbc93af480cbb4fe29821e252c6950bdb30e3be0f2b256f6ab8b479266b517d521075cb9ac99d7d5452449b3d63d62451d70c0956bfddd02dd2848d2ccb6439c58871b70f5b2764e8b9dcb9a92a4a9affbd0df57ea5003d65ed6d0f79a0f054a9ab1f6a9c30c5877594b6fae8b4b92a635effbc33c69fde7011e54d698244d5ddef78779d67c1e40d294e77d7f5820595bdf8d4dca9a93a4a9e8a5756801f3276bec4d75d149d25277f7e67d7f5850adff3cc003cbda93a425ab7b8ad909755801f32f6bedd4b87e598392b4247da80e2960e164cd7db62e42495aecee1aabeb80021656d6dd03ea6294a4c5aafb44f28feb6002165ed6de31b145599392b428bda00e2560f1640dbeaa2e4a495ae8768ab3eb4002164fd6e00571d3b236256941fb541d46c0e2cb5afc6a5d9c92b450ddaf0e2160e9644d3eaa2e52499aef368f5fd501042c9dacc913629bb25625695e7b451d3ec0d2cbdadcb72e56499aaf7689f3ebe001965ed6e68ad86372c94ad2fc74701d3ac0f4c81afd765db492b4a1dda90e1b60fa64adee5917af246d485fa88306983ecdab0092e6b1ee7d45f7fb871991f57acfba8825697dfa641d30c0f4ca9afd7a5dc492b4aedd3c56d601034cb7acdb3bd5c52c49ebd247ea6001a65fd6ee17ea6296a4b5ed4671511d2cc0f4cbda5d1db7296b5a92d6aaf7d4a102cc8eace14fd7452d4957d7759bbbfec14ccb1a5e15bb95b52d4957d95bea3001664fd6f2fe75714bd295b55d9c530709307b5aff8c805d2697b8245d712fab4304985d59d3efaa8b5c92aea85fd60102ccaeace95363d3bad02569cdee52870730fbb2b61f5617bb24add9fbeae000665fd6f6e7ea6297a4b9368f33eae000665fd6f6f2b87659f39274718faa4303188eacf167d7452f495d5fac0303188eacf1efd7452f493b36f7fd87c1cb3abf595dfc92c6dd5e755000c393b5fe9abaf8258dbb23eaa00086276bfd3775f14b1a6f7bd421010c57d6fc3deb109034cede5a0704305c59f31fae4340d2383bb10e0860b8b2e6cf6c6e0d2c8dbe5bd5e1000c5fd6feddeb309034ae9e5f0703307c59fbafacc340d2b83aa80e0660f8b2f6bf558781a4f1b47173ef7f18a5acfd0b62cb3213248da43bd4a1008c4766c0fdea5090348ef6ae0301188fcc8037d4a120691c7db50e04603c32030eaf4341d2f0ebbe03bcac0e04603c320356c435ca6c9034f0ee5e8701303e99050fa9c341d2b07b651d04c0f86416bcad0e0749c3ee5b751000e39359f0e33a1c240db7eebbbfcbeb2000c627b360556c5f6684a481e6fd7fe052cde700a4d1f4f43a0080f1ca4c78511d129286d9be750000e39599f0e13a24240db383eb0000c62b33e13b7548481a6647d701008c5766c2297548481a5e9bc58a3a008071cb5cb8761d169286d5ee75e1036436fc491d169286d5c3ebc207c86c784a1d169286d53e75e1036436bcb90e0b49c36abfbaf001321b0eaac342d2b03abc2e7c80cc865fd4612169589d51173e4066c385b1491d189286d175eaa207989319b16b1d1a9286d15deb8207989319f1c03a34240da307d4050f302733e2afead090348c1e5d173cc09ccc8867d4a12169183db52e78803999117f578786a461b4575df000733223fea10e0d49c3e81575c103ccc98cd8b70e0d49c3e8cd75c103ccc98cf8401d1a9286d17beb820798931971401d1a9286d13fd7050f302733e2e03a34240da383ea8207989319f1ad3a34240da36fd4050f302733e2bfebd090348c7e58173cc09ccc885fd5a1216918fdbc2e788039991127d5a12169189d50173cc09ccc8873ead090348c8eab0b1e604e66c4597568481a463fab0b1e604e66c4897568481a4687d7050f302733e2177568481a4687d4050f302733e23febd090348c0eac0b1e604e66c47fd4a1216918ed5f173cc09ccc882fd4a1216918bda72e7880399911ff528786a461f4c6bae001e66446bcaf0e0d49c3e86575c103ccc98c784b1d1a9286d1f3ea8207989319f1f77568481a464fae0b1e604e66c40bead090348c1e59173cc09ccc88a7d5a1216918ed59173cc09ccc88c7d4a1216918ddb12e78803999117f568786a46174adbae001e66446dcb80e0d49c3e90f75d10364369c1f1bd5812169387dbb2e7c80cc8623ebb09034ac3e54173e4066c367ebb09034ac5e58173e4066c36bebb09034ac1e52173e4066c35fd761216958ddb42e7c80cc863bd4612169586d1ccbebe207c62d73e11a7558481a5e3fab8b1f18afcc8413eb909034cc0eac030018afcc84ffa84342d2307b631d00c0786526bcaf0e0949c3ec49750000e39599b0571d129286d99dea0000c62b3361cf3a24240db34d63591d02c0f86416ac68be01208daaafd641008c4f66c1e17538481a767bd741008c4f66c11bea709034ecee500701303e9905f7abc341d2b0ebee0878461d06c07864065c105b96d92069041d540702301e9901dfaa4341d2387a7e1d08c0786406bcb20e0549e3e896752000e3911970b73a14248da73fd4a1000c5fd6feb2d6df1344d248fb641d0cc0f065ed7fa50e0349e3ea19753000c397b5ffe23a0c248dab9bd4c1000c5fd6feedeb309034be8ea9c30118aeacf9935b7f2f104923ef1fea8000862b6bfe1d7508481a67bbc4ea3a248061ca7abf5d99019246dcb7eb900086276bfda775f14b1a774faf8302189eacf5bdebe29734eeae19e7d561010c47d6f8cab84159fb92e4a640306459e387d4452f495d0fa80303188eacf127d4452f495dddf7824faa4303987d59dbe7c4d665cd4bd2a5bdb50e0e60f6656def5f17bb24add91e757000b32f6bfb4feb6297a4da11757800b32b6bfaf8d8a82e7449aa3daf0e106076654dbfae2e7249baa2ba0f0a9d5a8708307bb296cf8beb94352e4957dacbeb2001664fd6f23bebe296a4ab6adb38b30e136076640d2f8f9dcbda96a4abed7575a000b3236bf88375514bd2dab4439c5b870a30fdb27657b4fe51df92b45ebdad0e1660fa65ed7ebc2e66495a97ae1fcbeb7001a657d6ecaab84559cb92b4cebdbf0e18607a65cd7ea62e62495a9f6e1c2bea9001a64fd6eaeab86d59c392b4deed5f070d307db2560fae8b579236a4eefdc45575d800d325ebf4ce75f14ad286b65f1d36c0f4c81a3da82e5a499a8f768c33ead001965ed6e6b971a3b2662569de7a761d3cc0d2cbda7c695dac92349f75cf14ff411d3ec0d2c99a3c2a362b6b5592e6bddbc5ca3a8480a591f578afba482569a17a571d42c0e26b6ef92b6991bb669c548711b078b206ff37ae53d6a6242d788fad0309583c59837f5317a5242d56ff5e8712b0f0b2f67e181bd70529498bd5aecdd302615165cdad8cdb97b528498bde6beb8002164ed6dcbbeb2294a4a5688b38b20e2960fe65ad1dd3fa0fe14ad254b45b9c538715307fb2c696b7fe3e1c9234553dbe0e2c60fe648d3db72e3a499a963e5c8716b0e1b2b6feb52e36499aa6b68a9fd6e105acbfaca96363dbb2d62469eada3dcead430c5877594b17c61dcb1a93a4a9ed89759001eb2e6be9f9757149d2b4f7b13acc80b59735f4f9baa8246916da3a8eaa430db87a593bbf8d6b9535254933d3ade2bc3adc802bd7faf7fdef5cd69224cd5c8f8fd575c801572cebe539751149d2acf6a23ae480cbcb5a795d5d3c9234ebed5b871d7099ac910fd54523494368a3f8781d7ac0c59bff41b1495933923498368dafd4e107639635f19dd8b2ac15491a5cddd7030faf4310c6286be1ff365ff79334a2b68f5fd46108639235f0bbb87e591b9234f86e1427d6a10863906bffd4d8b5ac09491a4ddd8d82cea8c311862cd7fcb2b853590b9234baeed6dc2d909168fd5dfeee5fd680248db6ee8700af043068b9c6cf893dcbb52f49a3ef9671421d9a3004b9b64f893b966b5e927449378c9fd7e109b3acf54ff6bb79b9d62549a5ee2b82ee13c020e45a3e32762ad7b824e94aea6e16f4e53a4c6196e41a3e34b62dd7b624e96aea6e1becd901cca45cbb07c616e59a9624ad436fadc315a659aed90fc4c6f5429624ad7b2f8cd575d0c2b4c975fa9a72ed4a9236b0c7c5b975e0c234c8b5b93c9e59ae5949d23cb57bfcac0e5f584ab9267f1db72fd7aa24699edb2a3e5287302c855c8b9f6d3ee92f498bda1362591dc8b0185aff92ff73cb3529495aa4768b23eb708685d4fa97fc6f57ae4549d222b7657cb00e695808b9d63e13d72cd7a02469097b6c9c530736cc875c5b17c473ca3527499a92ba07aefcb80e6fd810b9a68e695ef297a4a9afbbfdeaabe2823ac8615de41a5a116f8f6b4c5c6192a4a9ee66f1b53ad4616de4daf97edca65c5392a419ea31f1fb3ae0e18ae45a392d9e161b4d5e4692a459ac7b09b77b2977451df8d0c9b5b13a3e14db4f5c3992a44174db38ac0e7fc62dd7c48fe3aee55a91240daceea5dda7c7e97523605c720d9c1d7bc5261357882469d0ed101f8995756360d85aff72ff01b1d3c41521491a55ddb705ba1f042eac1b05c39273bc323e11b79ab8022449a3ee86f19e38bf6e1cccb69cd30b5bff01bf9b4e9c714992d6e8baf196e6b6c2332fe7f0bc7857ec3c71862549ba8ab66bfd1d05cfa81b0bd3adf51fee7b535c67e28c4a92b40e75f7107849fca16e344c979ca3d3e39571ed89332849d206d43d76f8d9f183baf1b0b4724e7ed4faaff36d3371c624499ae7768b37c4f175336271e4d89f14fbc61e13674692a445a8bba9d09fc6feb1ac6e52ccaf1ce3f3e393f1c0e6e63d92a429a97bf9f949f18d5855372fd64feb6fdaf39dd6dfbd71db358eb724495357774f8197c551754363ede4d81dddfa6f61dc64e2c84a923423753f0c74af0c746f13f8ccc09568fd7bfadded79bbdff46fbcc6f193246910ddbcf5df26f84c9c5237c2b168fd57f60e8cbf8dddd7383e92248da25bc70be28b7166dd2887227fb773e2cbf1a2b85deb3f40294992d2c671dbf8abd6bfffdd7de2bdfb8efbcc7cc3a0f5b7dffd49eb5fe1784d3c3e6e1f9b767f414992b46e75f7b3ffb3d6bf64de3db4e890383e56d74d7831e47ff7f7f1cd785feb5fc17840ebdfbbf79bbd24498bd0d6ad7f1be15ef190786c3c335ed8fa5711fe313ed8fa5713fe2d0e8d235aff29fb4ef77f77ff5af7ef7daaf54fcd7b5bbcbaf52fd73f2b1e177f1ef78e3f6efded912549922449922449922449922449922449922449922449922449922449d3dc3671d77864ebef2cf7f2787bbc399ed1fa3bccdda0b98dac86dfe6ad7ffae143e389f197f117adbf95f2dd62dbcbfea392345bed18f78f97c6a7e357b1aade4bfe8ae43f7746eb6f45dbddd6d60f031a423bc4d35b7fabe5dfb5ab590bf9f757c7b1f1b978453c38769afb8749d2b4b44beb7fab7f5deb07dc8975a0adaffcb38ebbe49feb3722cd5add930fbb4dff1bb1a25edbeb23ff9c3fc457e38df198b859f343b2a4456893d8a3f52f59762fdd7f2bfeb70ea985d0fac1f78435fe2cd234d7bdfaf5f37a1d2f84fcef9c1ddf8977c7535bffa0a6cd2efba348d2fad5bd94ffd43828ceadc367b1e5cff0edb8d51a7f3e699aea7e233fb85eb78b2d7f86f35bff6a5cf744c8eb4dfc0925e92ada2df68eefb5ab79af7229e4cf7461bcacf5af4848d350f732fc5e715ebd5e975afe4cabe2f0d8a7f51f3c94a44bdb38ee1e6f8d5fd60132adf267fd6133d0b4f4ed12dfaad7e7b4ca9ff5e8d837eed1fab52f69646d1d0f8ffde2d43a246645feec17c48b9b41a6a5e9d9b1ac5e97b3227ff6535b3f03ba59d0cd044903ad7b2fb07b4fb07b6ff0fc3a0c6659fe3edf8f5d27feb6d2c275c3f87abd0e6759eb3f377070ebbfb970dd89bfada499ac7b9ffc11f1cd585d17fd90e4ef775ebca0f95a9416b6a7c459f5fa1b92d67f6ee090d6dfa8c8ab6bd28cb57deb6fc2735c5ddc43d7fa6f0adc64e268481b5e77239e7fabd7dbd0b5fe86442f8c6b4d1e0e49d356f71de08fb681bdc4bfaef2f73f37fe3eb69c383ad2bad7ddd0a77b656951ee7931ad5abfa6de1fb79c383a9296b46e40757705fb4e5db4639763727c3c6ef270496b5df712f8afea753576adbfbbe1c39ab707a425eb3aadbf4ff8bcdd7a77a8728c0e8bbb4c1e3ee94abb75fc7bbd8e989463f49b78515c7bf2f0495aa8ee181f8fe5754172e55aff80954fb4fe13dcd215d5fd50fdc15859af1fae5cebdf1ef84073974e6941ea5ee6ef5eca3eac2e3ed64debbf2df0eae67bcfbaac2de2257176bd5e58373986ffd1fa471b7b7b409a87ba9b741c5d171a1b26c7f4c4d67fa5abfbe14ae3acdba41e1bbfa9d7071b26c7f4c7f1a793875bd2dad6bdd4ffedbab0985fad7fe470f729ef6d268ebe865cf71b7f7717bf63eaf5c0fc6afd8dc76e3179f8255d59376afd7bd583be71cfb4c9f13e3d5edbfa27206a9875df65ef1e24f5877afe593839de2be29f9ab5255d69dbc69be282ba80583cadbf25ea7b9b9b090da91bb4fe0138e7d4f3cde2c9f13fabf59fb5e85e8191d4faf7a09f1ba7d405c3d2c9f958199f8edb4f9c2dcd52ddd3223f1617d6f3cbd2c9f9f86deb3f7b218dbaee4623bfa80b84e9d2fa1b9f74dfc27067c1e96fb3d67f70b67bb08db7d1a658cecf0fe26e13674f1a41dd6f95dfac0b82e9d6fa97303f12f79c3c9d9a82eed4faf7994fabe78de99673f6d9e62d378da09d5b7f139f557511305b5a7f17b45737836b29eb6eead47da8cfab68332ee77079fc63f3d0210db0eefbc6fbb4913fa467885a7f87c1efc6335aff414e2d6cddd7359fd4fab76556d5f3c16c6bfdb7719e3071c6a519ee8f9aeff38f42ebbf41f0c5784eecb2e645a00daafb4dff9971602cabc79de1c979fe54f38c01cd787f1d67d58b9b71c8b9ff55bc3b1e1c5b4d5c19baaabaaf89ed196f8ba3ea71651c5aff34cffb4c5c19d20cd4fde4faa97a41335eb91e2e8843e285cd33d5afa85d63aff84a9c578f1fe3946b6155bca5f5dfee90a6befbc609f542863575d748fc6beb3f1bd2fdb6bbfd1ad7d0d0eb7e40eeee13bf77eb5feafd6d3d3eb0a6d63f5ba0bbaf8334956d1e6f6d3e98c47acab5f3bbd6bfcffd8a7860eb1f4f3beb753fd8743fe0743fe8745ff73ab6f97e3eeba1f59fb1f9db35ae2d692aea9e83fd937ac1c2866afd2b05dd4d6dde117f178f6afd83a2a6e987831de20ef188d63f58a97beffea0f85dfdfbc0866afddb44d7bbecf29396aee737f7ef6709b4fe37a2a35bff95b88fc6abe2a9addf881fd0fa1b16751b73f799831bb7fe8786ee6b741bb5cbd7fd6b5bb7fe812ddd3757ba975bbbff6ef7cfe8fe59dd3ff329f1cad6df0ca9fb3cc32f9bf7eb5902b9ee4e8d87356989da29be562f4c9805adff50e219adffdeb5fb53309372ed7ea0f53fb84a8b56f7db905b8e022cb1d67fddb67b5b4c5ad0ba3bfabda75e80002c9dcce58b9a0f086a01eb5e663ab85e78004c87cce87ddb157fc6455aefba0f4ffd67bdd800982eadffba697737496983ebee50766cbdc800984ead7f40d7986eaea505e8ee717abdb800986eadff70a0c7756bbdea6eb8e2fbfd00332a33fce4b85399edd255d6dd716d55bd9800982d99e5e735370dd25ad47dcdef9df50202607665aeaf8ce796792f5dda967160bd70001886d63fb0cdd7043551f73093c3eac502c0b064d67fbaf99aa02ee9a67174bd480018a6ccfcefc476652fd0c8ea3e1d7a4abd380018b6d63fcdb27bf2a546d81e7146bd28001887ec01c7c4f5cadea081b74b9c542f0600c6257bc14fe25a935b84865af7d3deafeb4500c038654ff85e6c55f60a0daceea7bc9fd4930fc0b8656ff86a6c56f60c0da4eea7bbefd6930e009dd67f45b0bb219c06d4a6f1a57ab201604dd92b3e503710cd6edd5d9f3e514f32005c91ec196fac1b8966b377d7930b0057257bc78beb66a2d9ea55f5a402c0dac81ef2f4baa968367a5e3d9900b0b65aff14c147d5cd45d3dde363753d9900b02eb2975c187b963d4653da83e3a27a1201607d644f5916772d7b8da6acbbc479f5e401c086c8de7246dca2ec399a92ba473b1e574f1a00cc87ec313f6b6e193c957da19e2c00984fd96b3e56371f2d6d7bd59304000b217bce93eb26a4a5e90e71613d4100b010b2e79c1bb72c7b9116b96b368ff605609165ef392ab62e7b9216b14fd79302008b217bd0c7eba6a4c5e959f56400c062ca5ef4d4ba396961bb759c5f4f04002ca6ec45e7c51e658fd202d5bde7f28b7a12006029747b526c53f62a2d40fbd5830f004b297bd3bfd4cd4af3db13eb41078069903dea1975d3d2fcb45b2cab071c00a641f6a8f3e33665efd206b6651c590f36004c93ec55bf8a6b943d4c1bd0fbea41068069943deb80ba8969fdba47acae071800a655f6ad87d5cd4cebd6a6f1d37a6001609a65ef3abef96ae006f5e27a50016016640f7b7bddd4b476ddb0f9d43f00332a7bd8cab85dd9dbb4167dae1e4c009825d9cbfe2b36ae1b9caebc07d5830800b3287bda5e7593d315d77de7ffd87a00016016654f3b3b762e7b9daea0d7d6830700b32c7bdbe7eb66a7c9768de5f5c001c0ac6bee0d70951d520f18000c41736f802bedafeac102802169ee0d70b9ba9f884eaa070a0086a4f5f706d8a3ec81a3ee25f52001c01065cffb54dd04c7da5671723d40003044ad7f15e066652f1c652fa8070700862c7bdf87eb6638b6368f13eb81018021cbde77611bf9cd819e5d0f0a008c41f6c077d64d712c6d1abfad070400c6207be079b163d91b47d153eac1008031c95ef8faba390ebdeed18847d70301006392bdf0ccd8b6ec9183ee71f52000c018654f7c59dd2487da46f1b37a0000608cb2279ed2fa7be20cbe47d6bf3c008c59f6c6bdea6639c47e54ffe2003066ad7f52e06675c31c5277af7f6900e0e21f021e5137cd21f5cefa1706002efe0160ffba690e29b7fd05802b903df2b4d67f507e706d51ffb200c065b2576e5937cf21b443fd8b0200976903fd01e006f52f0a00f4b24fae6a03fd2640f7bec6b2fa1706002efe01e0fb75e31c5287d5bf300030fc5b02bfadfe850160ecb23f5e1837ab9be690ba75fd4b03c0d8657f7c55dd3087d80fea5f1c00c62afbe24fdb403ffc577b48fdcb03c018b5fe93ff77a91be590fb6c3d08003036d90fffa96e90436fa738b31e0800188bec8327c5b6657f1c45cfaa070300c622fbe0a3ebc63896ba1b037db71e100018baec7f5faa9be2d8da3d2eac070600862afbdeb9f147653f1c65afa9070700862afbde8beb4638d6368f5fd60304004393fdee27b149d90747ddbd62753d50003014adffceff9dcbfea7f4e17ab0006028da08bff3bfb65d3b4eae070c00665d1bf177fed7b6c7d6830600b3ae8df83bffebd2e7eb81038059957ded80bad1e98adb3e4eac071000664df6b363e39a659fd35574ef58550f2400cc8aec6317359ffa5faf5e5f0f2600cc8aec632fa91b9bd6ae4de3f07a400160da65ff3aa4f5cfbcd17ab64b9c550f2c004cabec5ba7c4f526b733ad4f8fab071700a651f6acd5f1a0ba9169fddbbf1e64009836d9afde5637306d58dbc431f54003c0b4c83e75446c56f62fcd43778c0beb010780a596fd6959dcbcec5b9ac7f6ae071d00965af6a727d50d4bf35bf7958aafd4030f004b25fbd2c7cb5ea505ea5a71743d0100b0d8b21f1d195b957d4a0bd82de39c7a220060b1641f3a336e5af6272d427f11abeb09018085d6ed3ff1d0b22f69117b553d2900b0d0b2ffbcbe6e485adcba0f057ea19e18005828adbfcfffc6653fd212d43d67f9e7f50401c07ccb7e735cec30b90d6929eb6ebe70663d5100305fb2cf2c8f3b95fd475350f7f08555f58401c07cc81ef3b4baf1687adaa79e3000d850d95fde54371c4d5f9fa9270e00d657b7afb4fe43e79af2b68e23eb0904807595fde4b0d8b2ec339ae27689d3eb890480b5957de4d8d871727bd12c74bf58594f28005c9dec1f67c46e655fd10cf577f5a402c055c9de7161dcbb6e289abdfea59e5c00b832d9379e503712cd665bc437ea0906802afbc5de7513d16cd77d33e0dbf54403c09cec13af297b8706d235e2f07ac20120fbc33fd64d43c3ea5af1dff5c403305ed917de5f370b0db3ed9a1b050170e8c59bff3f3777f91b55dd8d1d8eaa170200e3917de073b149d91f3482768aa3eb0501c0f065fe7f39362bfb8246d4cef19b7a6100305c99fbdf6ceeefaf74e338be5e20000c4feb1feeb34dd90734e26e1627d50b0580e1c89cff51ebbf0d264d748b38b95e3000ccbeccf7a39a27fbe92aba75f318618041c95cff755cbfcc7be972dd3efeb75e4000cc9eccf3e3e38fca9c97aeb4bbc4d9f542026076648eff216e5ee6bb74b5dda3f921006026657e9f1c7b94b92ead75b76b3e1808305332b78f8b5d27c7b9b4ee755f11fc4dbdc000983e99d7bf8c1b96392ead77dd6d83ff6fbdd000981e99d347345ff5d302d4dd3ce2bbf5820360e9653e7f3bae3939b6a5f9abbb77f4c1f5c20360e9642e7fe992f92c2d68dda323f7ab1720008b2ff3f880d8b4cc696941dbb75e88002c9ecce1f7c64675384b8bd1deb1ba5e94002cacccded7d7812c2d764f8d15f5e20460fe65deae8e174d8e6169e97a589c5f2f5400e64fe6ecca787a99bfd29277cf38b35eb0006cb8ccd70be3d165ee4a53d36de2f87ae102b0fe3257cf8efb97792b4d5dd78defd70b18807597797a74ec5ee6ac34b56ddedc2b006083648e7ea5f577619566ae17c6ca7a510370d5323bdf1c1b97992acd540f8ab3eac50dc0e5655e9e178f2d73549ad9baf7af8ea9173a0097c99c3c2e6e37393ea5d96fbbf846bde001b878f33fb47994af065cf720a1f7d40b1f60cc3217ffa979a08f46d2b3e2a2ba0800c6a4f537f771673f8dae7bc7697541008c41e6dfffc49f94b9288da65de2a77561000c59e6de0fe30693e3501a5fd78883ea020118a2ccbb8fc516650e4aa3ee99b1ac2e168021c87c3b3d1e53e69ea44bba497ca72e1c805996b9f6a5d8a9cc3b49a5eed6972f8ee5751101cc92ccb165ad7f7553d23ab447fca82e28805990f9f5ddd6bfaa29693dda2c5e172beae20298469957cb63efe6413ed2bc7497f8555d6800d32473eac7ad7ff552d23cb655bc3b56d74507b094329756c61b5affaaa5a405ea7e717c5d80004b21f3e8e8b86b99539216a86bc5c7eb4204582c9941abe3bdb1f5e47892b4183d224ea90b13602165ee9c18f72ff348d222779df8425da0000b21f3e680b87699439296b0a7c49975b102cc87cc97d39a5bf94a535bf76ac00763655dbc00eb23f3e4a27867f35bbf3413dd26be591732c0bac81cf972ec56e68ba419e8e1f1ebbaa801ae4ae6c651f180324f24cd589bb7feb69c67d7450eb0a6d63fb2f779b1c9c4149134d35d373e14abeaa207c6adf5eff3bf2bb69b981a9206d56de35b750000e39479f095b845991392065c7713a163eb3000c621ebffe7f1c03217248da4eef3012f693e1f00a391f57e463c3f369d9806924659f7f9800f379f0f80c1cafa5ed1fa278a7a9f5fd2e5fae338b40e0e60b6655d7f35762feb5d922e57f7f98023ea1001664bd6f161cdfbfc92d6a3ee695fdfac4305986eadff64ffbdca7a96a475eecef1f9585d070d301db23e57c6a75aff569e24cd6bdd7b88fbc54575f8004b23ebf182787fdc7462b54ad20274c378479c5b8711b038b2fece8a37c7f52656a7242d42dbc7abe3f43a9c808591f57672ec13db4eac46495a82b689ff1327d46105cc8facafdfc47362cb89d5274953d066f1d4f8451d5ec0fac97a3a321ed73ca14fd20cb451ebef25f09f7598016b27ebe73bf1e0c9a52549b3d37de393717e1d70c0a4ac9365b17fdc6dcd452449b3dcb5e25971581d7a30665913abe3d0784aeb3f4f2349836db77863f3a14146acf51fea7b55ecb2e6e290a431b471eb6f37ec2d024621d7f939f1b1b877eb3f2b2349a3affb4ef333e3fb7568c22c6bfd4bfcdf8c27c5d66b5ef492a4c9768d37346f1130c372fdfe3a5e197f3471754b92aeb6ee2d823de380e62d026640aed3b3e32371cf352f6449d2fa37f71641f769e91575f0c252c9f5b83cbe164f88add6b8662549f35cf795c247c747e3a43a9061a1e5bafb6dbc2f1edabcaf2f494b56f7fcf397b5fece695e1d60deb5feb7fc7f8f17b6feb1d892a4296beed581eeab565e1d60bde5faf95dbc3f1ed6dca04792662eaf0eb0565aff5bfe379adff225697075af0e3ca67975804b34bfe54bd228eb5e1dd8270e6aee39300aadbffdee675bff5bfe2dd7b816244923ee3aad7ffc6a77f3962fc68975036176b4feb7fbcfb5fe2da0ee7e12db5d7aa62549ba9aae170f69fd435b0e6ede3a984a392fc7c7e7e315f180d8e1d2332849d23cb553ebbffffdeaf852fc4fdd90583839de27c6175aff4acd835affca8d24494bd20d5aff41b2d7b6fe33053f8ed3ebe6c5dacbf13b358e88035bff0a4cf74acc752f39de92244d75dd27cbbb0f9b75bfa93e3bde189f88efc6716da45f4dccdffba2d6df4defd0f8e7787deb6ff5dcbd7c7f8be696ba92a481b749dca8f50f8ff9eb78797c20be1a3f8f6575f39c05f9739f153f6dfd5b24dd2d735f1a8f8bbbc5cead7fd0932449ba8ab68f5bc59de33eadffa64277b7c3eef9f27f132f6afdfbe16f8a77c5875bff04c5eead8843e27bf1a3f865eb3f2c775a9c1fabe2bc4bfeffee5fff45eb5f72ef5e9df8fa25fffdee9ff3a17867eb5fbdf8fbd67f85ae7b35e389f1a8d6bfba71efb853eb6fa0d3dd6f41d294f7ff018b9d02f811ce6dad0000000049454e44ae426082);

-- --------------------------------------------------------

--
-- Table structure for table `product`
--

CREATE TABLE `product` (
  `ProductID` varchar(10) NOT NULL,
  `Name` varchar(20) DEFAULT NULL,
  `Specification` varchar(20) DEFAULT NULL,
  `Type` varchar(20) DEFAULT NULL,
  `Unit` varchar(5) DEFAULT NULL,
  `Total` int(10) DEFAULT NULL,
  `Cost` int(10) DEFAULT NULL,
  `SellPrice` int(10) DEFAULT NULL,
  `SafeAmount` int(10) DEFAULT NULL,
  `VendorName` varchar(20) DEFAULT NULL
) ENGINE=InnoDB DEFAULT CHARSET=utf8mb4;

--
-- Dumping data for table `product`
--

INSERT INTO `product` (`ProductID`, `Name`, `Specification`, `Type`, `Unit`, `Total`, `Cost`, `SellPrice`, `SafeAmount`, `VendorName`) VALUES
('P0001', '漢堡麵包', '200g', '', '個', 100, 0, 0, 30, '許氏麵包'),
('P0002', '大亨堡麵包', '200g', '', '個', 78, 0, 0, 20, '許氏麵包'),
('P0003', '吐司', '150g', '2片1組', '組', 430, 0, 0, 20, '李氏麵包廠'),
('P0004', '蛋餅皮', '100g', '', '張', 668, 0, 0, 20, '曾氏原料工廠'),
('P0005', '蛋', '100g', '', '顆', 966, 0, 0, 30, '許董雞蛋'),
('P0006', '抓餅', '200g', '', '片', 565, 0, 0, 20, '曾氏原料工廠'),
('P0007', '生菜', '50g', '50g1組', '組', 424, 0, 0, 20, '許氏蔬果廠'),
('P0008', '番茄', '50g', '', '片', 524, 0, 0, 30, '許氏蔬果廠'),
('P0009', '雞塊', '300g', '300g1份', '份', 248, 0, 0, 10, '許氏肉品廠'),
('P0010', '薯條', '300g', '300g1份', '份', 388, 0, 0, 10, '曾氏原料工廠'),
('P0011', '熱狗', '200g', '200g1份', '份', 292, 0, 0, 20, '許氏肉品廠'),
('P0012', '培根', '150g', '150g1份', '份', 210, 0, 0, 15, '許氏肉品廠'),
('P0013', '起司', '30g', '30g1片', '片', 946, 0, 0, 30, '曾氏原料工廠'),
('P0014', '鮪魚', '100g', '100g1份', '份', 564, 0, 0, 30, '曾氏原料工廠'),
('P0015', '雞肉', '200g', '200g1份', '份', 578, 0, 0, 20, '許氏肉品廠'),
('P0016', '豬排', '200g', '', '片', 545, 0, 0, 20, '許氏肉品廠'),
('P0017', '牛肉', '200g', '', '片', 558, 0, 0, 20, '許氏肉品廠'),
('P0018', '紅茶', '500ml', '', '杯', 542, 0, 0, 20, '張氏飲料工廠'),
('P0019', '綠茶', '500ml', '', '杯', 700, 0, 0, 20, '張氏飲料工廠'),
('P0020', '牛奶', '250ml', '', '杯', 178, 0, 0, 40, '張氏飲料工廠');

-- --------------------------------------------------------

--
-- Table structure for table `productstoreinwarehouse`
--

CREATE TABLE `productstoreinwarehouse` (
  `ProductID` varchar(10) NOT NULL,
  `WarehouseID` varchar(10) NOT NULL,
  `Amount` int(11) DEFAULT NULL
) ENGINE=InnoDB DEFAULT CHARSET=utf8mb4;

--
-- Dumping data for table `productstoreinwarehouse`
--

INSERT INTO `productstoreinwarehouse` (`ProductID`, `WarehouseID`, `Amount`) VALUES
('P0001', 'Z0001', 100),
('P0002', 'Z0001', 78),
('P0003', 'Z0001', 430),
('P0004', 'Z0001', 668),
('P0005', 'Z0003', 966),
('P0006', 'Z0003', 565),
('P0007', 'Z0003', 424),
('P0008', 'Z0003', 524),
('P0009', 'Z0003', 248),
('P0010', 'Z0003', 388),
('P0011', 'Z0003', 292),
('P0012', 'Z0003', 210),
('P0013', 'Z0003', 946),
('P0014', 'Z0001', 564),
('P0015', 'Z0003', 578),
('P0016', 'Z0003', 545),
('P0017', 'Z0003', 558),
('P0018', 'Z0002', 542),
('P0019', 'Z0002', 700),
('P0020', 'Z0002', 178);

-- --------------------------------------------------------

--
-- Table structure for table `purchase`
--

CREATE TABLE `purchase` (
  `PurchaseID` varchar(10) NOT NULL,
  `VendorID` varchar(10) DEFAULT NULL,
  `ProductID` varchar(10) NOT NULL,
  `WarehouseID` varchar(10) NOT NULL,
  `CostPrice` int(11) DEFAULT NULL,
  `Amount` int(11) DEFAULT NULL
) ENGINE=InnoDB DEFAULT CHARSET=utf8mb4;

--
-- Dumping data for table `purchase`
--

INSERT INTO `purchase` (`PurchaseID`, `VendorID`, `ProductID`, `WarehouseID`, `CostPrice`, `Amount`) VALUES
('S0001', 'V00001', 'P0001', 'Z0001', 10, 100),
('S0001', 'V00001', 'P0002', 'Z0001', 10, 100),
('S0002', 'V00002', 'P0003', 'Z0001', 10, 500),
('S0003', 'V00004', 'P0007', 'Z0003', 10, 500),
('S0003', 'V00004', 'P0008', 'Z0003', 7, 600),
('S0004', 'V00003', 'P0005', 'Z0003', 3, 200),
('S0005', 'V00005', 'P0009', 'Z0003', 10, 250),
('S0005', 'V00005', 'P0011', 'Z0003', 8, 300),
('S0005', 'V00005', 'P0012', 'Z0003', 8, 300),
('S0005', 'V00005', 'P0015', 'Z0003', 12, 600),
('S0005', 'V00005', 'P0016', 'Z0003', 8, 600),
('S0005', 'V00005', 'P0017', 'Z0003', 15, 600),
('S0006', 'V00006', 'P0018', 'Z0002', 5, 100),
('S0006', 'V00006', 'P0019', 'Z0002', 5, 100),
('S0006', 'V00006', 'P0020', 'Z0002', 12, 80),
('S0007', 'V00007', 'P0004', 'Z0001', 3, 800),
('S0007', 'V00007', 'P0014', 'Z0001', 10, 600),
('S0007', 'V00007', 'P0006', 'Z0003', 5, 600),
('S0007', 'V00007', 'P0010', 'Z0003', 10, 400),
('S0007', 'V00007', 'P0013', 'Z0003', 4, 1000),
('S0008', 'V00006', 'P0018', 'Z0002', 5, 600),
('S0008', 'V00006', 'P0019', 'Z0002', 5, 600),
('S0008', 'V00006', 'P0020', 'Z0002', 12, 200),
('S0009', 'V00003', 'P0005', 'Z0003', 3, 1000);

-- --------------------------------------------------------

--
-- Table structure for table `sell`
--

CREATE TABLE `sell` (
  `SellID` varchar(10) NOT NULL,
  `CustomerID` varchar(10) NOT NULL
) ENGINE=InnoDB DEFAULT CHARSET=utf8mb4;

--
-- Dumping data for table `sell`
--

INSERT INTO `sell` (`SellID`, `CustomerID`) VALUES
('S0001', 'C0000'),
('S0002', 'C0000'),
('S0003', 'C12345'),
('S0004', 'C54321'),
('S0005', 'C52341'),
('S0006', 'C0000'),
('S0007', 'C45321'),
('S0008', 'C12346'),
('S0009', 'C0000'),
('S0010', 'C0000');

-- --------------------------------------------------------

--
-- Table structure for table `sellcombine`
--

CREATE TABLE `sellcombine` (
  `SellID` varchar(10) NOT NULL,
  `CombineName` varchar(10) NOT NULL,
  `Amount` int(11) NOT NULL
) ENGINE=InnoDB DEFAULT CHARSET=utf8mb4;

--
-- Dumping data for table `sellcombine`
--

INSERT INTO `sellcombine` (`SellID`, `CombineName`, `Amount`) VALUES
('S0001', '牛肉漢堡', 2),
('S0001', '荷包蛋', 10),
('S0001', '鮮奶茶', 4),
('S0002', '牛肉吐司', 1),
('S0002', '綠茶', 5),
('S0002', '豬排蛋餅', 2),
('S0002', '雞肉總匯', 2),
('S0003', '培根吐司', 5),
('S0003', '抓餅加蛋', 2),
('S0003', '熱狗', 5),
('S0003', '紅茶', 10),
('S0003', '豬排吐司', 2),
('S0003', '鮮奶茶', 4),
('S0004', '培根抓餅', 1),
('S0004', '培根蛋餅', 3),
('S0004', '薯條', 10),
('S0004', '豬排大亨堡', 2),
('S0004', '鮮奶茶', 4),
('S0005', '抓餅加蛋', 2),
('S0005', '綠茶', 5),
('S0005', '豬排蛋餅', 2),
('S0005', '雞塊', 5),
('S0005', '雞肉吐司', 8),
('S0005', '鮪魚總匯', 1),
('S0005', '鮮奶茶', 4),
('S0006', '熱狗', 5),
('S0006', '牛肉大亨堡', 3),
('S0006', '牛肉漢堡', 2),
('S0006', '紅茶', 10),
('S0006', '豬排漢堡', 2),
('S0006', '雞塊', 5),
('S0006', '雞肉大亨堡', 7),
('S0006', '鮪魚蛋餅', 4),
('S0006', '鮮奶茶', 4),
('S0007', '培根吐司', 5),
('S0007', '熱狗', 5),
('S0007', '牛肉漢堡', 2),
('S0007', '牛肉總匯', 5),
('S0007', '紅茶', 10),
('S0007', '綠茶', 5),
('S0007', '鮪魚蛋餅', 4),
('S0007', '鮮奶茶', 4),
('S0008', '豬排大亨堡', 2),
('S0008', '雞肉總匯', 2),
('S0008', '鮮奶茶', 4),
('S0009', '熱狗', 5),
('S0009', '牛肉漢堡', 2),
('S0009', '紅茶', 10),
('S0009', '荷包蛋', 10),
('S0009', '薯條', 10),
('S0009', '雞肉吐司', 8),
('S0010', '培根抓餅', 35),
('S0010', '培根蛋餅', 50),
('S0010', '牛肉吐司', 25),
('S0010', '牛肉大亨堡', 10),
('S0010', '紅茶', 70),
('S0010', '綠茶', 20),
('S0010', '豬排蛋餅', 50),
('S0010', '鮪魚總匯', 5),
('S0010', '鮪魚蛋餅', 25),
('S0010', '鮮奶茶', 110);

-- --------------------------------------------------------

--
-- Table structure for table `vendorinformation`
--

CREATE TABLE `vendorinformation` (
  `VendorID` varchar(10) NOT NULL,
  `UniNumber` varchar(8) DEFAULT NULL,
  `Name` varchar(20) DEFAULT NULL,
  `InvoiceHeader` varchar(20) DEFAULT NULL,
  `Manager` varchar(20) DEFAULT NULL,
  `PhoneNumber` varchar(20) DEFAULT NULL,
  `PhoneExtention` varchar(10) DEFAULT NULL,
  `FaxNumber` varchar(20) DEFAULT NULL,
  `Address` varchar(50) DEFAULT NULL,
  `EmailAddress` varchar(50) DEFAULT NULL,
  `WebSiteAddress` varchar(200) DEFAULT NULL,
  `Comment` varchar(100) DEFAULT NULL
) ENGINE=InnoDB DEFAULT CHARSET=utf8mb4;

--
-- Dumping data for table `vendorinformation`
--

INSERT INTO `vendorinformation` (`VendorID`, `UniNumber`, `Name`, `InvoiceHeader`, `Manager`, `PhoneNumber`, `PhoneExtention`, `FaxNumber`, `Address`, `EmailAddress`, `WebSiteAddress`, `Comment`) VALUES
('V00001', 'B66666', '許氏麵包', '', '陳董', '0912344567', '2', 'JK1234567', '嘉義市西區', 'd1089999@gmail.com', 'lioudeliver.com', ''),
('V00002', 'B88888', '李氏麵包廠', '', '李董', '0967123445', '2', 'GH1234567', '嘉義市東區', 'p1089999@gmail.com', 'leedeliver.com', ''),
('V00003', 'N5555', '許董雞蛋', '', '許瀚升', '0999999999', '2', '', '嘉義市', 'mmm@gmail.com', '', ''),
('V00004', 'B66666', '許氏蔬果廠', '', '陳董', '0912344567', '', 'JK1234567', '嘉義市西區', 'd1089999@gmail.com', 'lioudeliver.com', ''),
('V00005', 'B77777', '許氏肉品廠', '', '許董', '0944567123', '1', 'KF1234567', '嘉義市東區', 's1089999@gmail.com', 'hsudeliver.com', ''),
('V00006', 'SD6665', '張氏飲料工廠', '', 'Matt', '0988888774', '1', '', '嘉義市', 'aaa@gmail.com', '', ''),
('V00007', 'LK5556', '曾氏原料工廠', '', '曾華麗', '0969696996', '1', '', '嘉義市', 'LK@gmail.com', '', '');

-- --------------------------------------------------------

--
-- Table structure for table `warehouse`
--

CREATE TABLE `warehouse` (
  `WarehouseID` varchar(10) NOT NULL,
  `Name` varchar(20) DEFAULT NULL,
  `Address` varchar(50) DEFAULT NULL,
  `PhoneNumber` varchar(20) DEFAULT NULL,
  `FaxNumber` varchar(20) DEFAULT NULL
) ENGINE=InnoDB DEFAULT CHARSET=utf8mb4;

--
-- Dumping data for table `warehouse`
--

INSERT INTO `warehouse` (`WarehouseID`, `Name`, `Address`, `PhoneNumber`, `FaxNumber`) VALUES
('Z0001', '深呼吸倉庫', '嘉義市西區', '0965666666', 'FX5555'),
('Z0002', '深呼吸飲料庫', '嘉義市西區', '0965666666', 'FX5555'),
('Z0003', '深呼吸生鮮冷藏庫', '嘉義市西區', '0965666666', 'FX5555');

--
-- Indexes for dumped tables
--

--
-- Indexes for table `combine`
--
ALTER TABLE `combine`
  ADD PRIMARY KEY (`CombineName`);

--
-- Indexes for table `combineproduct`
--
ALTER TABLE `combineproduct`
  ADD PRIMARY KEY (`CombineName`,`ProductID`);

--
-- Indexes for table `companyinformation`
--
ALTER TABLE `companyinformation`
  ADD PRIMARY KEY (`ID`);

--
-- Indexes for table `customerinformation`
--
ALTER TABLE `customerinformation`
  ADD PRIMARY KEY (`CustomerID`);

--
-- Indexes for table `empolyeeinformation`
--
ALTER TABLE `empolyeeinformation`
  ADD PRIMARY KEY (`EmpolyeeID`);

--
-- Indexes for table `product`
--
ALTER TABLE `product`
  ADD PRIMARY KEY (`ProductID`);

--
-- Indexes for table `productstoreinwarehouse`
--
ALTER TABLE `productstoreinwarehouse`
  ADD PRIMARY KEY (`ProductID`,`WarehouseID`),
  ADD KEY `WarehouseID_idx` (`WarehouseID`);

--
-- Indexes for table `purchase`
--
ALTER TABLE `purchase`
  ADD PRIMARY KEY (`PurchaseID`,`WarehouseID`,`ProductID`),
  ADD KEY `WarehouseID_idx` (`WarehouseID`),
  ADD KEY `ProductID_idx` (`ProductID`);

--
-- Indexes for table `sell`
--
ALTER TABLE `sell`
  ADD PRIMARY KEY (`SellID`);

--
-- Indexes for table `sellcombine`
--
ALTER TABLE `sellcombine`
  ADD PRIMARY KEY (`SellID`,`CombineName`) USING BTREE;

--
-- Indexes for table `vendorinformation`
--
ALTER TABLE `vendorinformation`
  ADD PRIMARY KEY (`VendorID`);

--
-- Indexes for table `warehouse`
--
ALTER TABLE `warehouse`
  ADD PRIMARY KEY (`WarehouseID`);

--
-- Constraints for dumped tables
--

--
-- Constraints for table `combineproduct`
--
ALTER TABLE `combineproduct`
  ADD CONSTRAINT `NameConstraint` FOREIGN KEY (`CombineName`) REFERENCES `combine` (`CombineName`) ON DELETE CASCADE ON UPDATE CASCADE;

--
-- Constraints for table `productstoreinwarehouse`
--
ALTER TABLE `productstoreinwarehouse`
  ADD CONSTRAINT `ProductID` FOREIGN KEY (`ProductID`) REFERENCES `product` (`ProductID`) ON DELETE CASCADE ON UPDATE CASCADE,
  ADD CONSTRAINT `WarehouseID` FOREIGN KEY (`WarehouseID`) REFERENCES `warehouse` (`WarehouseID`) ON DELETE CASCADE ON UPDATE CASCADE;

--
-- Constraints for table `purchase`
--
ALTER TABLE `purchase`
  ADD CONSTRAINT `ProductID1` FOREIGN KEY (`ProductID`) REFERENCES `product` (`ProductID`) ON DELETE CASCADE ON UPDATE CASCADE,
  ADD CONSTRAINT `WarehouseID1` FOREIGN KEY (`WarehouseID`) REFERENCES `warehouse` (`WarehouseID`) ON DELETE CASCADE ON UPDATE CASCADE;

--
-- Constraints for table `sellcombine`
--
ALTER TABLE `sellcombine`
  ADD CONSTRAINT `SellIDConstraint` FOREIGN KEY (`SellID`) REFERENCES `sell` (`SellID`) ON DELETE CASCADE ON UPDATE CASCADE;
COMMIT;

/*!40101 SET CHARACTER_SET_CLIENT=@OLD_CHARACTER_SET_CLIENT */;
/*!40101 SET CHARACTER_SET_RESULTS=@OLD_CHARACTER_SET_RESULTS */;
/*!40101 SET COLLATION_CONNECTION=@OLD_COLLATION_CONNECTION */;
